,Trifluoperazine,Tamoxifen,Fluconazole 8ug/ml,Fluconazole 10ug/ml,L-cycloserine,Sertraline,Clomiphene
YAL001C,0.3,1.13,-0.02,-1.09,0.75,1.52,0.66
YAL003W,-0.52,-1.02,-0.78,-0.47,-0.61,-0.01,-1.03
YAL025C,-0.46,-0.18,0.82,0.71,0.04,0.58,0.46
YAL032C,-0.26,0.18,0.62,0.36,-0.52,-0.41,0.82
YAL033W,0,0,1.04,0,0.72,0,0.95
YAL034W-A,-1.76,0.2,0.55,-0.03,0.56,0.42,0
YAL035C-A,-0.73,-0.95,-0.05,-0.05,-0.87,-1.26,-0.81
YAL038W,0.56,-0.26,0.32,0.68,0.57,-0.07,0.13
YAL041W,-0.89,-0.06,-0.88,-0.19,-0.53,-1,-0.53
YAL043C,0,0,1.1,0.31,-0.29,0.47,0.1
YAR007C,0.51,-1.05,-1.13,-0.77,-0.24,0.76,-1.13
YAR008W,0.29,0.17,-0.44,-0.11,0.02,0.53,0.92
YAR019C,-0.09,0.01,0.02,0.12,-0.9,-0.19,0.84
YBL004W,-0.1,0.08,-0.9,-0.29,-0.45,0.76,0.12
YBL014C,0,0,0,0,0,0,2.83
YBL018C,0.15,0.23,0.45,0.06,0.29,-0.2,0.62
YBL020W,-0.92,0.38,-0.81,-0.83,-0.09,-0.27,0.54
YBL023C,0.48,0,0,0,1.99,0,0
YBL026W,-1.17,0.3,-0.11,-5.42,0.26,-0.34,0.33
YBL030C,0.13,0.24,0.91,1.02,0.64,0.38,0.99
YBL034C,-0.71,-0.26,0.42,0.57,-0.89,-1.4,-1.82
YBL035C,1.67,0,1.82,1.32,1.92,0,0
YBL040C,0.17,-0.78,-1.33,0.13,-0.45,-0.02,-1
YBL041W,0.55,0.63,-0.64,1.61,-0.39,-0.75,-0.63
YBL050W,0.72,1.21,-0.23,-0.96,1.01,0.6,0.98
YBL073W,0.33,2.34,1.5,-0.11,0.21,1.06,0.2
YBL074C,-0.66,0.52,-0.32,-0.4,-0.45,0.05,-0.67
YBL076C,-0.48,-0.89,-0.45,-1.05,0.57,0.85,-0.77
YBL077W,0.65,0.09,-0.19,-0.51,0,1.52,0.12
YBL084C,0.63,0.42,0.52,0.75,0.94,0.69,0.89
YBL092W,-0.58,0.1,-2.27,-3.56,0.3,-0.27,-0.35
YBL097W,-0.54,0.76,0.31,0.01,0.31,0.38,0.8
YBL105C,0.58,0.62,-0.33,1.04,0.98,0.96,0.44
YBR002C,1.26,1.15,0.27,0.81,0.49,0.72,0.6
YBR004C,0.43,0.33,1.12,0.29,1.28,0.75,0.71
YBR011C,0.7,0.35,0.72,-0.35,-0.3,0.23,-1.22
YBR029C,0.62,0.14,0.07,-0.82,-0.15,1.26,-0.04
YBR038W,1.16,0.93,1.22,-0.12,0.18,-1.03,2
YBR049C,0.45,2.03,1.39,0.95,0.86,0.59,1.82
YBR055C,1.56,1.59,1.45,0.93,0.95,-0.51,1.22
YBR060C,0.27,1.77,2.22,0.46,-0.43,0.31,0.18
YBR070C,1.72,1.64,0.55,-0.36,0.7,0.58,1.8
YBR079C,-0.66,-0.32,-0.82,-0.98,-0.85,-0.25,-0.31
YBR080C,-0.46,-0.38,0.72,-0.02,-1.03,0.11,-0.7
YBR088C,-0.31,0.11,-0.25,0.04,-0.69,0.66,0.3
YBR089W,0.48,0.03,-0.39,-0.59,0.74,0.45,0.18
YBR091C,-1.23,0.56,-2.19,-4.16,1.46,-0.08,0.08
YBR102C,0.77,0.37,0.87,-0.11,0.69,1.15,1.18
YBR109C,-1.74,-0.53,0.43,-0.15,-1.84,-1.25,-1.37
YBR110W,0.34,1.75,0.49,-0.12,0.9,2.06,1.77
YBR121C,-0.56,-0.01,-0.78,0.48,0.57,0.75,0.03
YBR123C,1.04,0.48,-0.36,0.16,0.68,-0.29,0.46
YBR124W,0.13,0.15,-0.08,-0.38,-0.51,-1.04,0.14
YBR135W,-0.3,-0.45,0.21,-0.18,-0.79,-0.19,-0.32
YBR136W,0.32,-1.24,1.03,1.09,0.25,1.42,-0.43
YBR140C,-1.23,-0.26,-1.35,-2.32,-1.53,-1.31,-1.44
YBR142W,0.35,0.72,0.53,0.09,0.09,0.28,0.36
YBR143C,0.31,0.78,0.32,0.42,0.53,-0.19,0.44
YBR152W,1.02,0.47,0.59,0.31,0.51,0.74,0.31
YBR153W,0.17,-0.05,1.02,0.65,-0.49,0.33,-0.33
YBR154C,-0.25,0.13,-0.65,0.75,0.24,0.64,0.65
YBR155W,-1.18,-0.12,0.37,-0.3,-1.47,-0.93,-2.36
YBR160W,0.15,1.14,0.89,-0.31,0.23,0.42,0.85
YBR167C,1.08,0.43,0.43,1,1.16,-0.66,1.55
YBR190W,0.8,1.04,0.19,0.98,0.06,0.66,-1.24
YBR192W,0.66,0.46,0.36,-0.21,-0.48,2.13,-0.26
YBR193C,-0.31,-1.13,0.87,0.59,0.13,-0.97,0.47
YBR196C,-0.34,0.06,-0.73,-0.12,1,-0.24,-0.79
YBR198C,-0.54,0.6,-0.43,-1.43,-0.87,-0.45,-0.7
YBR202W,0.62,0.13,0.03,0.47,-0.01,-0.5,0.6
YBR211C,0.61,0.35,1.51,0.44,-0.27,-0.45,0.53
YBR234C,0.67,0.78,0.65,0.6,-0.02,0.68,0.4
YBR236C,-0.97,-0.43,-0.46,-0.22,-0.39,-1.11,-1.17
YBR237W,0.99,0.75,1.17,0.57,0.46,0.34,0.49
YBR243C,0.97,0.5,1.97,0.16,0.85,1.11,0.37
YBR247C,0.46,-0.15,-0.25,0.12,-0.58,0.86,-0.18
YBR252W,0.84,0.24,0.88,0.49,1.53,-0.65,1.85
YBR253W,0.96,0.32,-1.63,-0.99,0.2,0.7,0.6
YBR254C,-0.86,0.2,0.59,0.2,-1.1,-0.69,-0.45
YBR256C,0.38,0.16,0.99,0.25,0.22,-0.02,-0.07
YBR257W,2.07,0.47,-0.17,-0.41,1.5,0.3,0.12
YBR265W,1.18,0.19,0.14,0.67,-0.52,-0.29,0.04
YCL003W,1.46,0.59,1.15,0.97,0.95,-0.02,0.98
YCL004W,0.76,0.52,1.29,0.2,0.81,0.83,0.99
YCL017C,1,0.99,1.18,0.51,-1.22,0.13,0.91
YCL031C,-0.67,0,2.25,1.14,0,-0.4,0
YCL043C,0.13,0.3,-0.17,-0.31,-0.28,-0.26,-1.19
YCL052C,1.06,1.29,0.8,0.04,1.05,0,1.8
YCL053C,1.1,0.36,0.24,0.24,0.68,-0.09,0.08
YCL054W,0.45,0.5,0.35,0.79,0.08,-1.07,0.58
YCL059C,0.84,0.21,-0.55,0.1,0.4,-0.7,1.12
YCR012W,0.85,1.04,-0.52,-0.01,0.19,1.24,0.33
YCR013C,0.44,0.58,0.08,1.2,0.61,1.01,1.49
YCR035C,0,0,1.6,0.17,-0.53,-0.95,0.85
YCR052W,-3.32,-2.09,-1.82,-3.57,-5.39,-0.49,-0.06
YCR054C,-0.85,-0.69,0.17,-0.47,-0.43,-1.02,-0.28
YCR057C,-0.36,0.07,0.42,0.23,0.71,0.57,1.22
YCR072C,-0.68,-0.47,-0.98,-0.95,-0.16,-1.19,-0.48
YCR093W,-0.07,1.14,0.29,-0.83,0.87,0.04,0.77
YDL003W,0.43,0.18,0.18,1.41,0.74,-0.11,0.85
YDL004W,1.1,1.34,0.35,0.57,0.87,0,1.9
YDL007W,0.76,0.52,0.8,1.3,0.34,1.3,0.25
YDL008W,0.33,0.08,0.3,-0.27,0.74,1.25,0.63
YDL014W,-0.01,0.11,-0.65,0.13,1.11,1.29,0.22
YDL015C,0.78,0.19,0.48,-0.02,0.9,-0.79,0.81
YDL016C,-0.3,1.41,1.49,0.82,0.44,0,0.9
YDL017W,-0.07,0.85,1,1.18,0.9,0.1,0.54
YDL028C,0.34,-0.01,-0.16,-0.28,0.06,1.3,0.16
YDL029W,-0.28,-0.72,-0.36,0.45,-0.72,-0.47,-1.34
YDL030W,0.64,0.21,0.73,0.62,0.26,-0.48,1.02
YDL031W,0.35,-0.3,-0.87,0.07,0.89,0.49,-0.11
YDL043C,0.56,0.44,1.09,1.6,-0.22,1.72,1.79
YDL045C,0.59,-0.01,-1.27,-0.38,1.16,0.73,1.53
YDL055C,-0.16,0.77,-0.78,0.5,0.74,0.99,0.14
YDL058W,0.38,-0.44,-0.94,-0.21,0.11,0.23,-0.7
YDL060W,0.06,-0.36,0.84,0.81,0.48,1.33,-0.29
YDL064W,0.52,-0.9,-0.53,0.62,-0.85,0.72,-0.69
YDL084W,0.72,0.1,0.61,-0.52,0.38,0.23,0.03
YDL087C,-1.33,0.35,-1.09,-1,0.63,0.74,-0.15
YDL092W,0.46,-0.19,0.39,0.24,-0.49,1.15,-1.19
YDL097C,0.09,0.73,1.72,0.68,1.07,0.63,1.53
YDL098C,0.39,0.14,0.16,0.17,0.59,-0.62,1.01
YDL102W,0.25,0.41,0.96,0.17,-0.68,-0.57,-0.03
YDL103C,-0.77,-0.24,0.04,-1.12,-0.04,0.43,-0.49
YDL105W,1.61,0.28,1.07,-0.11,1.04,0.17,2.31
YDL108W,-0.18,1.38,-0.26,0.17,-0.31,-0.75,0.6
YDL111C,0.57,0.98,0.36,2.15,-0.82,0.34,-0.59
YDL120W,-0.18,-0.31,-0.31,0.63,0.64,0.42,-1.1
YDL126C,0.31,0.25,0.65,0.55,-0.28,-0.37,-0.01
YDL132W,1.06,0.49,0.25,-0.34,0.64,-0.49,0.16
YDL139C,0.21,1.06,1.12,-0.01,0.17,-0.01,-0.26
YDL140C,-0.28,-0.68,-1.35,-1.16,-0.96,0.38,0.81
YDL141W,-1.22,-0.83,0.48,0.45,-0.39,-1.54,0.41
YDL143W,0.42,0.23,0.27,-1.07,-0.43,0.59,0.08
YDL145C,0.29,0.5,0.21,1.01,0.88,0.15,0.29
YDL147W,0.29,1.89,1.85,0.33,-0.73,0.39,0.84
YDL148C,-0.16,-0.48,0.15,-0.14,-0.55,0.05,-0.88
YDL150W,0.21,0.85,0.76,0.5,0.6,0.48,1.54
YDL152W,0.62,0.32,-0.01,0.86,0.26,-1.22,1.2
YDL153C,1.31,0.52,-0.01,-0.74,0.84,0.68,0.12
YDL163W,1.32,0,1.56,0,1.16,0,0
YDL164C,0.04,-0.09,-0.17,-0.28,0.51,0.78,-0.84
YDL165W,-0.13,0.2,0.18,-0.53,1.03,1.84,0.12
YDL166C,0.12,0.62,0.57,0.44,0.26,0.35,1.03
YDL193W,0,0,0,0,0,0,0
YDL195W,0.34,0.01,1.09,0.83,0.3,0.05,1.11
YDL196W,0.46,0.81,0.53,0.54,0.58,-0.3,0.21
YDL205C,1.07,1.23,0.11,-1.58,-0.04,0.8,0.57
YDL207W,-0.21,0.37,0.76,0.05,0.39,-0.53,-0.65
YDL208W,1.56,-0.34,0.92,1.19,-0.47,1.28,0.51
YDL209C,0.54,0.31,0.48,0.31,0.79,-0.26,0.54
YDL212W,0.34,0.21,0.53,0.41,-0.11,0.05,0.41
YDL217C,0.72,0.32,-0.33,0.78,0.68,0.7,0.71
YDL220C,-0.1,-0.25,1.33,0.72,-0.92,-0.48,-0.33
YDL221W,0.39,1.02,1.31,-1.04,0.24,0.71,0.65
YDL235C,0.19,0.29,-0.52,-0.09,0.15,0.03,0.71
YDR002W,1.11,0.42,1.34,-0.14,0.68,-0.01,1.05
YDR013W,1.38,0.45,0.62,-0.21,1.05,0.48,1.4
YDR016C,0.35,-0.8,-0.91,-0.12,0.16,-0.04,-0.31
YDR021W,-0.81,-0.42,-0.84,0,-0.08,-0.13,-0.34
YDR023W,0.31,-0.22,0.14,0.09,0.5,-0.08,-0.42
YDR037W,0.37,-0.91,-0.24,0.24,-0.77,0.41,0.53
YDR041W,-0.47,-1.64,-0.39,-0.07,-2.03,-1.8,-2.56
YDR044W,0.41,0.33,-0.03,-1.09,-0.29,0.82,0.97
YDR045C,1.36,1.19,0.54,0.63,0.49,1.08,0.37
YDR047W,0.23,-0.41,-0.39,-0.46,-0.77,-1.49,-0.66
YDR050C,0.37,0.49,1.03,-1.22,0.59,-0.59,1.21
YDR052C,1.03,1.27,1.14,-0.21,-0.08,-0.02,1.35
YDR053W,0.59,0.43,0.53,-0.03,1.14,1.23,0.16
YDR054C,-1.3,1.01,0.4,-0.61,-0.52,0.21,-0.04
YDR060W,-0.06,-0.83,-0.4,0.73,-0.74,-0.11,-1.57
YDR062W,-0.47,-0.54,-0.32,0,-3.55,-0.16,-0.85
YDR064W,1.28,0.56,-2.33,0.16,0.45,0.63,0.2
YDR081C,0.23,-1.28,-0.84,-0.68,0.52,1.35,-0.22
YDR082W,-0.51,0.91,0.38,-1.71,0.7,-0.84,0.59
YDR086C,1.09,1.25,0.43,-0.29,-1.87,-1.39,0.37
YDR087C,0.55,0.31,1.13,0.22,0.18,0.99,1.09
YDR088C,0.77,-0.95,-1.39,-1,-0.86,0.51,-0.93
YDR091C,0.93,1.11,-0.12,-0.47,0.38,0.34,1.72
YDR113C,0.29,0.36,0.38,0.35,0.64,-0.53,0.16
YDR118W,0.42,-0.38,-0.45,-0.02,-0.18,0.17,-0.49
YDR141C,-2.7,-2.58,0.58,-0.98,-0.54,-0.87,0.39
YDR145W,0.18,0.49,0.05,-0.04,0.44,-0.26,0.98
YDR160W,-0.84,-0.41,-0.12,0.76,-0.56,-1.11,-0.73
YDR164C,0.22,-0.58,-0.48,1.37,0.73,-0.56,-0.19
YDR166C,0.68,0.62,0.44,0.74,0.92,1.61,0.24
YDR167W,-0.02,-0.55,0.05,2.13,0.17,-0.03,0.06
YDR168W,-0.98,0.16,1.08,0.23,-0.04,-1.63,0.11
YDR170C,1.34,0.47,1.24,1.5,1.18,0.36,0.88
YDR172W,-0.05,-0.69,0.69,0.5,0.25,-0.58,-0.33
YDR177W,-0.19,-1.2,-0.26,0.04,-0.68,0.2,-0.62
YDR180W,-0.69,-0.25,-0.25,-0.17,0.32,-0.06,-0.96
YDR182W,-0.65,-0.73,-0.1,1.14,0.22,0.63,-0.42
YDR187C,1.2,2.11,0.52,-1.27,0.53,0.99,2.15
YDR188W,0.38,0.04,-2.69,-3.23,0.55,1.66,-0.76
YDR189W,-3.32,0.67,1.71,0.8,0.08,-0.2,-0.32
YDR190C,0.17,-0.55,-0.49,-0.47,0.56,-0.57,-0.5
YDR196C,-0.37,-1.35,-1.32,-0.29,0.08,-0.1,-0.5
YDR201W,-1.21,0.54,-0.26,0.44,-0.5,0.53,0.07
YDR208W,0.4,-0.71,-0.65,0.16,-0.95,-1.63,-0.54
YDR211W,-0.06,-0.79,-1.85,-1.52,-0.4,-0.68,-1.3
YDR212W,1.24,-0.37,-2.7,-3.77,-1.11,0.04,-0.48
YDR224C,0.12,0.28,0.62,1.67,0.17,-1.09,-0.46
YDR228C,1.11,0.68,0.77,-0.02,0.54,0.77,0.54
YDR232W,0.21,1.06,0.12,0.11,0.79,-0.15,0.16
YDR235W,0.97,0.37,-0.82,-0.69,-0.05,0.67,0.24
YDR236C,-0.37,-0.59,-0.37,-0.1,-1.09,-0.27,-1.03
YDR238C,0.57,-0.15,-0.12,2.07,1.04,-0.49,0.24
YDR240C,1.21,0.64,0.52,0.45,0.52,0.47,1.03
YDR243C,-0.39,-0.4,0.31,0.49,0,1.25,-0.01
YDR246W,0.34,0.2,1.16,1.36,1.17,-0.29,1.39
YDR267C,0,0,0,0,2.11,0,0
YDR280W,-0.61,0.87,1.57,-0.38,-0.44,1.44,0.71
YDR288W,0.56,-0.2,-0.62,-0.9,-1.29,0.28,-0.41
YDR292C,-0.66,0.84,0.35,-0.34,-0.34,-1.86,-0.21
YDR299W,0.53,-1.06,-1.94,-1.11,-1.24,-0.47,-1.92
YDR301W,0.43,-1.17,0.56,-0.71,-1.64,-1.15,-0.56
YDR302W,1.25,0.32,-0.16,-1.08,-0.85,-1.15,0.25
YDR303C,0.73,0.72,-0.32,-0.53,1.06,1.49,1.37
YDR308C,-0.09,0.19,-1.08,0.5,0.21,-0.21,-0.45
YDR311W,-0.77,0.01,-0.25,-1.11,-1.58,-1.53,-1.59
YDR324C,0.68,0.8,-0.93,0.65,0.03,0.55,-0.42
YDR325W,0.35,0.57,0.24,0.58,1.73,1.06,1.76
YDR327W,0,1.04,0,0,0.47,0,0
YDR328C,-0.49,-0.33,-0.2,0.17,0.9,0.71,-0.75
YDR331W,1.35,0.67,1.91,1.19,1.12,0.2,0.46
YDR339C,0.51,0.75,0.3,0.68,0.99,1.36,0.29
YDR341C,-0.69,0.68,0.72,0.17,0.88,-0.29,1.56
YDR353W,0.37,0.36,-0.43,-1.62,1.46,1.94,0.03
YDR355C,0.29,-0.26,-0.36,-0.04,-0.15,0.68,-0.6
YDR356W,-0.47,-0.11,0.21,-0.34,0.49,-0.18,0.86
YDR361C,0.67,-0.44,-0.54,-0.72,-0.43,-0.35,-0.86
YDR362C,0.18,0.15,-0.37,-0.55,-0.65,0.51,-1.08
YDR365C,0.21,0.32,0.25,-0.08,0.66,0.96,0.68
YDR367W,-0.61,2.06,0.51,-0.82,0.15,1.01,1.05
YDR373W,-1.06,-0.72,-0.43,-0.65,-0.56,-1.87,-0.83
YDR376W,0.36,2.08,1.25,-0.23,0.11,1.37,0.36
YDR381W,0.29,-0.1,0.52,0.61,0.13,0.31,-0.22
YDR390C,-0.02,-0.3,0.15,-1.15,0.07,-0.23,-0.37
YDR394W,0.66,1.2,0.46,0.66,-0.17,0.32,-1.31
YDR396W,-0.51,0.01,-0.65,0.18,-0.18,1.42,0.08
YDR397C,0.88,0.75,0.22,0.07,0.2,1.21,-0.48
YDR398W,0,0,1.64,-0.53,1.15,-0.39,1.26
YDR404C,0.13,0.2,-2.26,-3.87,-0.25,0.57,0.29
YDR407C,-0.34,-1.71,0.11,-0.68,-1.2,0.45,-0.94
YDR412W,0.7,0.11,-0.33,0.29,-0.35,0.99,-0.48
YDR413C,0.77,0.48,-0.85,0.13,1.29,-0.21,2
YDR416W,-0.28,-0.74,-0.95,0.37,0.31,-0.62,-0.32
YDR427W,-2.27,-1.83,-0.79,-0.31,-2.11,-2.21,-2.53
YDR429C,-0.16,1.04,-0.5,-0.27,-0.09,-0.12,-0.69
YDR434W,0.44,-0.88,0.16,0.21,-0.17,-0.2,-0.81
YDR437W,0.42,0.33,0.45,0.84,0.26,1.18,0.5
YDR449C,-0.27,1.22,-0.7,0.29,0.73,0.62,0.43
YDR454C,0.84,-0.03,-0.19,-0.4,-0.01,-1.18,-0.75
YDR460W,-0.76,0.24,-0.07,-0.31,-0.11,-0.53,-0.19
YDR464W,0.77,0.45,-0.23,0.98,0.72,1.05,0.79
YDR468C,-0.1,0.54,-0.3,1.08,-0.35,1.2,0.76
YDR472W,1.02,0.96,2.28,0.85,1.48,-1.46,1.17
YDR473C,0.16,0.77,1.43,-0.31,-0.27,-1.46,1.33
YDR478W,-0.13,0.08,0.49,0.29,0.55,-1.54,0.25
YDR487C,-2.9,0.01,-0.57,-0.16,-0.98,-0.46,0.37
YDR489W,-0.06,0.14,0.88,0,0.69,-0.08,0.76
YDR498C,0.04,0.64,-0.24,0.07,-0.87,-1.57,-1.03
YDR499W,1.06,-0.89,-0.7,-0.6,0.24,-0.75,-0.53
YDR510W,-0.01,-0.51,-0.63,-0.87,-0.71,0.15,-0.76
YDR526C,1.24,0.24,0.28,-0.11,0.58,1.19,0.22
YDR527W,0.89,0.7,-0.62,-0.73,0.72,0.35,-0.52
YDR531W,0.43,1.06,1.29,0.32,-0.06,-0.3,0.88
YEL002C,-0.01,0.34,-0.13,0.62,-0.39,0.03,-0.69
YEL019C,-0.19,-1.08,0.95,0.13,-0.75,-0.34,-0.41
YEL026W,-0.2,-0.64,0.23,0.52,-1.01,0.02,-1.38
YEL032W,-0.01,-0.52,-0.13,-0.4,0.28,0.37,-0.36
YEL034W,-0.64,-0.81,-0.24,0.67,-0.88,-0.04,-1.27
YEL035C,0,1.09,1.32,0,1.31,0,1.36
YEL055C,0.08,0.22,0.62,0.21,-0.14,-0.11,-0.22
YEL058W,0.03,0.25,-0.31,-0.34,-0.59,-0.23,0.45
YER003C,0.72,0.42,0.65,0.62,0.9,-0.37,0.51
YER006W,0.91,0,0.34,0.55,0.33,-0.51,0.1
YER008C,0.48,-1.7,0.77,0.13,-0.63,0.2,1.28
YER009W,0.59,-0.79,0.58,0.77,-0.27,-0.44,0.17
YER012W,0.14,0.54,0.16,1.62,-0.62,1.11,-1.7
YER013W,0.63,-0.12,0.02,-0.16,0.21,-0.66,0.36
YER018C,0.1,-0.27,-0.49,-0.57,-0.28,-0.65,-0.78
YER021W,0.04,0.24,0.04,1.32,0.7,1.15,-0.22
YER022W,0.38,-0.36,-0.42,-0.3,0.9,0.72,0.76
YER023W,0.98,0.31,0.63,0.74,0.72,0.38,0.33
YER025W,1.53,0.95,-0.34,0.14,0.11,-0.01,0.76
YER036C,-1.3,-0.81,-0.64,0.29,-0.47,-0.29,-0.78
YER038C,-1.39,-1.91,-0.69,0.73,-1.29,-0.5,-2.03
YER043C,-0.33,-0.27,-1.44,-0.07,-0.21,0.12,-0.72
YER048W-A,-0.59,-2,-0.33,-0.59,-2.48,0.7,0.16
YER082C,0.14,-0.04,0.31,0.5,0.19,0.58,0.28
YER093C,1.06,3.35,1.3,-0.32,0.66,2.19,-0.08
YER094C,0.16,-0.88,-0.39,0.55,-1.1,0.25,-0.03
YER104W,0,0,0,0,0,0,0
YER112W,-1.08,0.03,-0.48,-0.7,-0.59,-0.14,-0.27
YER125W,0.42,0.37,-0.39,-0.75,0.14,-0.34,0.51
YER126C,0.26,0.25,1.16,-0.29,-0.7,-1.61,-0.17
YER127W,0.43,0.16,0.22,-0.27,-0.01,-0.81,0.7
YER133W,1.37,-0.61,-1.95,-2.55,0.54,-0.06,-0.48
YER136W,-0.94,-0.53,-0.38,0.03,-0.21,-0.71,-1.84
YER146W,-0.61,0.01,-1.17,-1.15,-0.96,-0.18,-1.3
YER147C,-0.15,-0.59,-0.02,-0.45,-0.61,-1.01,0.46
YER148W,-0.62,0.03,0.37,-0.04,-0.24,0.61,-0.24
YER157W,0,0,0,0,0,0,0
YER159C,-0.04,0.08,0.41,0.14,-0.16,0,0.36
YER165W,0.19,0.84,0.42,1.04,0.15,0.38,0.24
YER168C,-0.56,0.18,-0.77,-0.65,-0.04,0.28,-0.68
YER171W,-0.73,0.3,-1.06,-0.54,0.1,-0.22,0.66
YER172C,-0.93,-1.75,-1.09,-0.82,-2.4,-1.05,-1.77
YFL002C,-0.14,-0.7,-1.37,-0.56,0.03,-0.21,-0.58
YFL005W,0.93,0.37,0.09,0.13,1.48,-0.02,1.44
YFL008W,0,0,0,0,0,0,0
YFL009W,0.95,-0.1,-0.2,0.38,0.75,-0.39,-0.14
YFL017C,-0.64,1.57,0.48,-1.01,0.11,-0.06,0.84
YFL018W-A,-0.39,0.98,1.65,0.87,0.93,-0.81,-0.69
YFL022C,1.19,0.26,-0.13,-0.53,0.48,-0.51,0.39
YFL024C,0.23,0.22,0.71,-0.4,-0.63,-0.59,0.45
YFL029C,-0.44,-0.78,-0.3,0.2,0.5,0.37,-0.36
YFL035C,0.91,1.03,0.38,0.34,0.35,0.31,1.51
YFL035C-A,0.31,0.59,0.98,-0.04,0.55,0.18,0.14
YFL037W,0.03,0.1,0.64,1.3,-0.46,-0.06,-1.52
YFL038C,0.21,0.06,0.39,1.28,-0.68,-1.04,0.48
YFL039C,-5.8,-1.93,-1.79,-1.12,-2.24,1.01,-0.19
YFL045C,-0.77,0.9,1.09,0.66,-0.1,-0.71,0.32
YFR002W,0,0.38,0.9,0,0.28,0.05,0.93
YFR003C,0.31,0,0.6,0.41,0.53,0.11,0.13
YFR004W,0.06,-0.15,-0.26,0.31,1.01,1.06,1.25
YFR005C,1.31,0.81,1.73,0.02,0.9,-1.53,1.23
YFR027W,1.18,0.17,-0.36,0.08,0.02,0.46,0.63
YFR028C,-0.62,-0.69,0.44,0.33,0.1,-1.25,-0.29
YFR029W,-0.41,-0.21,0.39,-0.5,-0.5,-1.47,0.23
YFR031C,0.86,-0.52,0.22,0.84,-0.47,0.7,-0.57
YFR037C,-0.81,-1.16,-1.85,-1.91,1.13,-0.52,-0.29
YFR042W,-0.09,-0.12,-0.07,-0.46,0.49,0.32,0.97
YFR050C,0.15,0.93,0.73,-0.02,-0.23,0.05,0.33
YFR051C,0.44,-1.39,-0.96,-0.66,-0.67,0.45,-0.24
YFR052W,0.64,0.71,0.19,0.06,0.48,0.06,0.67
YGL001C,0,0,0,0,0,-0.12,0.74
YGL008C,-1.83,-0.36,-0.86,0.01,0.37,-0.2,-1.08
YGL011C,-0.52,1.32,1.3,1.31,0.54,-1.35,1.16
YGL018C,0,0,1.52,0,0.73,0,1.35
YGL022W,0.62,0.09,-0.04,-0.14,0.05,-0.37,0.82
YGL030W,1,1.57,0.27,0.21,1.18,0.15,1.21
YGL040C,0,0,0,0,0,-1.97,0
YGL044C,0,0,0,0,0,0,0
YGL047W,-0.74,0.25,0.85,0.25,-1.49,-0.18,-0.49
YGL048C,-0.8,-0.27,0.42,0.33,-0.52,-0.14,-0.68
YGL055W,0.23,0.57,-0.67,-0.24,0.65,0.93,0.42
YGL061C,1.36,0.38,-0.12,0.32,0.18,0.45,0.21
YGL065C,0.16,-0.08,0.06,-0.3,-1.43,-0.41,1.21
YGL068W,0.53,1.09,0.68,-0.63,0.16,0.04,0.83
YGL069C,0.14,-0.9,0.21,0.5,-0.05,0.51,0.23
YGL073W,-2.32,2.1,1.65,-1.03,0.96,0.26,1.48
YGL074C,-0.25,-0.42,0.06,0.47,-0.08,-0.17,-0.38
YGL075C,0.18,0.65,0.74,0.19,0.6,-1.29,0.4
YGL091C,-0.57,-0.78,-0.35,-0.57,-0.55,-0.85,-0.34
YGL092W,0.36,0.78,0.96,0.11,0.41,-0.76,1.3
YGL093W,-0.4,0.9,1.38,1.4,0.63,-1.1,0.54
YGL098W,0.78,-0.5,0.49,0.67,1.49,-0.71,0.32
YGL099W,0,0,0,0,1.54,-2.22,1.22
YGL102C,0.22,0.27,0.51,0.77,-0.01,-0.4,0.8
YGL103W,1.91,-0.29,1.74,0.86,-0.98,-1.02,-1.81
YGL111W,-0.17,0.07,1.32,-1.1,0.51,1.32,0.71
YGL112C,0.06,-0.23,-0.08,0.34,-0.3,0.48,0.8
YGL113W,0.18,-0.12,0.18,-0.19,0.55,-0.48,0.15
YGL116W,1.81,-1.84,-0.6,-1.03,1,-1.16,-0.86
YGL120C,0.83,0.06,-0.27,-1.23,1.64,-0.02,0.12
YGL122C,0.11,1.8,1.62,-0.02,2.14,0.84,0.76
YGL123W,-0.09,-0.35,0.19,1.27,-0.15,0.05,0.39
YGL128C,0.39,0.41,-0.29,-0.14,0.25,-2.11,-0.11
YGL130W,-0.6,-0.22,-0.44,1.01,-0.23,0.75,-0.16
YGL137W,0.43,-1.63,-0.44,1.29,-0.13,-0.45,-1.2
YGL142C,1.1,0.69,0.05,0.08,1.48,1.21,1.48
YGL145W,0.35,1.39,0.37,-0.26,0.94,-0.84,0.95
YGL150C,-1.51,-0.1,2.03,0.75,-0.51,-0.72,0.14
YGL155W,0.3,-0.86,-0.64,0.19,1.06,0.13,0.04
YGL169W,0.91,-0.04,-1.69,-2.68,0.6,0.07,0.33
YGL171W,1.31,-0.24,-0.12,0.36,-0.26,0.51,-0.66
YGL172W,1.07,-0.01,-0.71,-0.61,0.67,0.79,0.86
YGL201C,0.36,-0.07,0.28,0.28,0.04,-0.47,0.62
YGL207W,1.05,0.27,0.02,0.97,0.17,1.9,0.22
YGL225W,0,0,0,0,0,0,0
YGL233W,0.1,0.38,0.5,0.44,0.69,0.26,0.49
YGL238W,-0.01,-0.36,-0.5,-0.17,-0.4,-1.32,-0.16
YGL245W,1.1,0.77,1.37,-0.82,0.94,-0.32,1.62
YGL247W,0.87,0.31,0.34,0.57,-0.44,1.51,-0.23
YGR002C,0.38,0.75,-0.88,-2.07,-0.72,1.9,0.75
YGR005C,0.95,0.31,-0.74,-1.27,-0.02,0.7,-0.48
YGR009C,-0.59,0.37,-0.1,-0.28,0.21,-0.28,0.72
YGR013W,0.5,0.03,1.03,0.24,0.3,-0.22,0.87
YGR024C,0.89,-0.11,-1.02,-0.78,0.45,0.52,0.37
YGR029W,-0.57,-0.11,0.87,0.35,1.41,0.59,0.45
YGR030C,0.48,0.48,0.81,-0.1,0.41,0.27,0.2
YGR046W,-0.32,0.28,-0.13,0.47,0.2,0.15,0.61
YGR047C,0,-0.14,1.11,0.52,0.59,0,1.05
YGR048W,0.16,-0.47,0.6,0.96,0.18,0.6,0.39
YGR060W,0.33,-0.1,0.97,0.07,-0.72,-1.6,-0.73
YGR065C,0.42,-0.59,0.62,0.5,-0.53,-0.33,0.06
YGR073C,0.29,0.44,0.36,-0.49,0.82,0.26,0.41
YGR074W,0.19,0.03,1.01,0.54,-0.46,0.26,0.36
YGR075C,0.94,-0.16,0.29,-0.48,-0.6,-0.16,-0.45
YGR082W,0.89,-0.61,-0.48,1.28,0.06,0.7,-0.36
YGR083C,-0.32,-0.35,-0.22,0.46,-0.77,-0.35,0.07
YGR090W,-0.18,0.63,-0.09,-0.5,-0.84,0.21,0.16
YGR091W,0,1.13,0,0,1.3,0,2.46
YGR094W,-0.14,0.26,1.46,-0.31,-1.3,0.78,1.02
YGR095C,0.31,0.81,0.22,0.55,-0.22,0.54,-0.12
YGR098C,0.56,-0.23,-1.06,-0.38,-0.2,-0.33,-0.63
YGR099W,0.55,0.9,0.88,0.88,0.33,-0.41,0.89
YGR103W,0.41,0.63,-0.28,0.5,0.79,0.2,0.89
YGR113W,0.97,0.49,0.92,-0.19,0.47,0.52,1.07
YGR114C,0,0,0,0,0.84,0,0
YGR115C,2.12,1.93,0.03,1.7,1.93,2.78,0.77
YGR116W,0.17,0.41,0.87,1.73,0.66,0.56,0.36
YGR119C,0.34,0.78,0.15,-0.29,-0.19,-0.11,0.42
YGR120C,0.37,0.79,0.07,-0.54,1.11,-0.22,0.27
YGR128C,0.22,-0.43,0.02,1.32,0.56,0.2,-0.3
YGR140W,0.93,0.54,0.04,0.88,-0.21,0.58,1.06
YGR145W,0.3,-0.57,0.12,0.37,0.6,-0.14,-0.13
YGR147C,-0.56,-0.64,-0.57,-0.23,-0.22,-0.04,-0.31
YGR156W,0.47,0.29,0.51,0.1,-0.09,0.2,0.62
YGR158C,0.21,1.45,-0.31,1.32,0.27,1.1,0.27
YGR172C,1.45,0.85,0.2,0.99,0.57,0.44,1.19
YGR175C,0.93,0.68,0.75,0.45,0.56,-0.87,0.8
YGR179C,0.15,0.89,1.36,0.22,1.2,-0.23,0.82
YGR185C,0.36,0.74,1.21,1.35,0.67,0.68,0.08
YGR186W,0.26,1.16,0.5,-1.11,0.14,1.61,0.91
YGR190C,0,0.17,0.62,0.56,0.51,-0.54,-0.24
YGR191W,1.08,0.11,1.37,-0.45,0.1,-0.24,0.98
YGR195W,0.53,0.51,-0.72,-0.03,0.51,0.74,0.1
YGR198W,0.82,1.6,1.07,-1.06,0.43,0.78,0.27
YGR211W,-0.05,0.05,0.2,0.23,0.04,0.22,0.21
YGR216C,0.57,-0.71,1.29,0.03,1.26,-0.57,-0.38
YGR218W,0.78,-0.16,-0.25,0.21,1.03,1.68,-0.46
YGR245C,0.49,0.65,-0.09,-0.28,-0.74,-0.16,-0.32
YGR246C,-0.42,-0.37,-0.73,-0.95,-1.12,-1.04,-0.17
YGR251W,-0.18,0.02,-0.62,-0.43,0.02,0.12,0.26
YGR253C,-1.17,0.7,-0.96,0.68,-0.98,0.85,-0.51
YGR264C,0.39,0.18,0.29,-0.66,0.28,0.05,-0.41
YGR265W,-0.35,-0.14,-0.04,0.71,-1.08,0.92,0.01
YGR267C,-0.45,-1.01,1.14,0.58,-0.83,-1.05,-0.16
YGR274C,0,0.25,0.12,-1.7,0.94,0.19,1.44
YGR277C,0.75,-0.55,-0.22,0,-0.35,-0.53,-0.28
YGR278W,-0.49,-0.87,0.49,-0.92,-1.5,0.16,-1.99
YGR280C,-0.93,-0.36,-0.05,-1,-0.46,-0.81,-0.58
YHL015W,1.22,1.29,-0.48,0.64,0.44,0.1,0.18
YHR005C-A,0.76,0,-0.87,0.02,-0.3,-0.22,-0.28
YHR007C,-0.18,0.24,-6.6,-6.93,-0.44,-0.67,-0.04
YHR019C,0.5,1.38,1.76,0.66,1.05,-0.16,1.47
YHR020W,-0.29,0.41,1.6,0.07,0.25,-1.05,-0.29
YHR023W,-1.31,-0.76,-0.62,-0.05,-0.67,1.18,-0.54
YHR024C,0.19,-0.21,-0.63,-0.14,0.37,-0.18,-1.16
YHR036W,0.32,0.48,0.2,0.63,0.49,1.32,0.14
YHR040W,0.27,0,0.54,-1.16,0.51,-0.16,1.36
YHR042W,-0.82,-0.66,-0.66,-2.72,-0.36,0.63,-0.06
YHR058C,-1.03,-0.38,0.48,-0.54,0.78,-0.16,-1.05
YHR062C,0.52,0.55,0.39,0.6,0.02,-1.24,-0.14
YHR065C,1.02,-0.04,0.55,1.23,0.32,-0.28,0.47
YHR068W,1.11,0.38,0.04,0.33,-0.63,0.55,-0.11
YHR069C,1.47,1.25,-1.23,0.05,0.23,0.33,0.31
YHR070W,-0.45,-0.16,-0.32,1.08,-0.35,-0.42,-0.64
YHR072W,0.98,-0.51,-1.02,1.19,-0.87,1.5,-0.12
YHR074W,0.41,0.83,0.41,-0.55,1.01,1.24,1.23
YHR083W,0.71,0.9,-0.25,0.57,-0.51,-0.22,-0.54
YHR085W,0.51,1.23,0.89,-0.74,0.32,-0.03,-0.71
YHR088W,0,0,0,0,0,0,0
YHR101C,0.04,0.81,-0.17,0.26,1.53,1.44,0.49
YHR107C,-0.39,-0.73,0.14,1.01,-0.15,-0.07,-0.7
YHR118C,0,0,1.78,0,1.23,-1.27,1.95
YHR122W,-0.96,-0.25,-0.38,-0.65,-1.38,0.03,-0.83
YHR143W-A,0.56,-0.44,0.79,0.8,0.83,0.98,-0.06
YHR148W,0.99,1.35,-0.56,1.03,0.89,1.19,1.35
YHR164C,-1.09,-0.67,-0.88,-0.45,-0.35,-1.48,-0.76
YHR166C,0,0,0,0,0,0,0
YHR170W,-2.46,-3.29,-0.48,0.86,-1.04,-3.81,-2.47
YHR172W,0.4,-0.05,0.84,0.55,-0.96,-0.49,0.04
YHR186C,-0.24,-1.45,-0.16,0.22,0.52,0.45,-0.54
YHR188C,-0.02,0.51,-0.9,0.22,0.31,-0.37,-0.56
YHR190W,0.18,0.1,-0.22,-1.68,-0.54,0.06,-0.7
YHR196W,-0.74,0.18,-0.16,0.11,-0.71,-0.29,-1.25
YHR197W,0,0,0,0,0,0,0
YIL003W,-1.71,1,-0.55,-0.85,-0.9,0.77,-0.83
YIL004C,1.18,-0.22,-1.09,-0.65,0.4,0.07,-0.16
YIL019W,0.19,-0.67,0.59,0.81,0.52,0.62,-0.05
YIL021W,-0.8,-0.25,0.19,-1.03,0.61,0.14,-0.09
YIL022W,-0.3,0.1,0.84,1.69,0.05,0.53,-0.5
YIL026C,-0.76,-0.12,1.06,0.21,-0.38,0.44,-0.89
YIL031W,1.14,0.4,1.1,0.02,-0.02,-0.26,-0.13
YIL046W,-0.39,0.18,0.09,1.43,1.26,1.39,0.24
YIL048W,-8.66,-7.82,-2.32,-1.37,-0.61,-1.79,-1.58
YIL051C,-0.88,-0.6,-0.01,1.81,1.18,0.05,0.52
YIL061C,0.39,0.38,0.14,1.13,0.2,1.74,-0.05
YIL062C,-0.21,-0.74,-0.72,0.93,0.28,0.28,-0.23
YIL063C,1.03,1.03,0.38,0.79,0.87,1.29,0.18
YIL068C,-0.21,1.29,-0.31,-0.03,0.78,0.62,1.27
YIL075C,1.46,-0.8,0.73,1.68,0.7,-0.38,0.75
YIL078W,1.17,0.09,-0.45,-0.29,-0.06,1.25,0.55
YIL083C,0.22,0.38,-0.02,0.77,0.37,-0.26,1.39
YIL091C,-0.31,-0.71,-0.69,-0.48,0.15,-0.07,-0.24
YIL104C,-0.26,0.12,0.61,0.98,-0.81,0.42,0.25
YIL106W,-0.27,-0.32,-0.62,0.19,-1.01,-0.32,-0.53
YIL109C,0.81,0.46,0.56,2.13,-1.59,-0.71,-1.53
YIL115C,-1.06,-0.97,0.09,0.04,0.01,1.58,-0.71
YIL118W,-0.68,0.8,-0.05,-0.7,-0.85,0.03,-0.27
YIL126W,-0.56,0.13,0.32,-2.03,0.23,-0.75,0.04
YIL129C,0.09,-1.63,-0.37,-0.14,-0.89,-0.42,-1.16
YIL142W,0.9,0.25,-1.59,-0.4,0.25,-0.55,1.57
YIL143C,2.54,0.34,0.47,0.82,2.06,1.77,0.55
YIL144W,-0.92,-2.03,0.82,0.73,-0.77,0.81,-1.27
YIL147C,0.06,0.59,-0.67,0.81,0.26,0.13,0.54
YIL150C,-0.04,0.45,-0.22,-0.11,0.19,2.33,-0.2
YIL171W,-0.4,0.21,0.47,0.22,0.65,-0.19,-0.51
YIR006C,-1.13,1.3,-0.01,-0.92,0.01,-0.47,-0.28
YIR008C,-0.46,-0.41,-0.65,-0.25,-0.88,-1.1,-1.19
YIR010W,-0.55,-0.44,-1.19,-1.98,-0.84,-1.95,-2.52
YIR011C,0.56,0.12,0.14,-0.91,-0.64,0.32,0.03
YIR012W,-0.04,-1.18,-0.31,-0.42,-0.18,0.67,-0.15
YIR015W,0.03,-1.34,0.7,-0.13,0.42,0.33,0.06
YIR022W,0.02,-0.52,0.2,-0.32,-1.37,-1.29,-0.59
YJL001W,0.69,1.87,-0.18,1.49,1.34,1.22,1.33
YJL002C,-0.14,-0.51,-0.33,-0.29,0.35,-0.95,0.54
YJL005W,1.21,0.06,-0.91,-1.05,0.98,0.61,-0.04
YJL008C,0,0,0,0.61,0,0,0
YJL009W,0.58,-0.36,-2.28,-2.53,-1.71,0.82,-0.79
YJL010C,-0.22,-0.5,0.54,2.11,0.46,0.77,-0.54
YJL011C,0.66,-0.28,-1.12,-0.32,-0.82,-0.17,-0.82
YJL014W,-0.51,-0.05,-1.78,-1.78,-2.83,-0.38,-1.08
YJL015C,-1.19,0.58,0.27,-0.08,0.49,-0.67,-0.04
YJL018W,-0.42,0.51,0.86,-0.31,0.51,-0.39,0.4
YJL019W,-0.36,0.64,1.15,0.51,1.53,0.97,1.16
YJL025W,-0.85,-0.71,0.18,0.68,-1.03,0.1,-0.85
YJL026W,-0.69,0.17,-0.69,0.49,0.07,-0.18,-0.27
YJL031C,0.45,0.58,1.04,0.39,0.86,1.25,0.76
YJL032W,0.74,0.35,0.71,0.17,0.28,0.17,0.06
YJL033W,-0.35,0.01,-0.02,0.09,-0.86,-0.48,-0.17
YJL034W,0,0,0,0,0,0,0
YJL035C,-0.04,-0.47,-0.56,0.46,-0.07,0.42,0.08
YJL039C,-0.66,0.32,-0.16,-0.69,-0.12,-0.05,-0.38
YJL041W,-1.44,-0.4,1.02,0.32,0.39,-1.04,-0.97
YJL050W,-0.44,-0.97,-2.72,-3.05,0.2,0.03,0.15
YJL054W,-7.39,-6.13,-1.01,0.08,1,-0.66,1.63
YJL061W,-0.08,-0.99,0.94,0.98,-0.67,-0.76,-0.54
YJL069C,-0.59,-0.21,-0.43,1.52,0.31,2.28,-0.15
YJL072C,1.23,0.19,1.17,0.51,1.27,0,0.76
YJL074C,0.17,-0.27,0.16,0.04,0.68,0.4,-0.25
YJL076W,0.28,0.42,-0.12,-0.07,0.54,-0.97,0.36
YJL081C,-0.03,0.95,1.09,-0.12,-1.25,-0.96,0.45
YJL085W,-0.28,0.24,-0.12,0.89,0.03,0.9,-0.24
YJL086C,-0.13,0.68,-0.31,-0.64,0.75,-1.24,-0.28
YJL087C,-0.15,-0.59,-0.47,0.6,0.28,-0.07,-0.49
YJL090C,-0.53,0.11,0.83,0.66,-0.67,-0.65,-0.62
YJL091C,1.34,-0.16,-0.46,-1.05,0.39,-1.12,1.01
YJL097W,-1.15,0.16,0.9,0.4,-0.24,-0.37,-0.6
YJL104W,-0.08,-0.08,-0.6,0.53,-0.1,0.34,-0.19
YJL109C,-0.07,-1.83,-0.14,-0.31,0.12,0.38,-1.04
YJL111W,0.73,0.48,0.71,0,-0.36,-0.75,0.04
YJL125C,-0.16,-0.5,-0.17,0.55,-0.06,0.07,-0.15
YJL143W,0.73,0.78,0.93,2.71,2.11,0.51,0.59
YJL156C,-2.6,-1.16,-0.87,-0.66,-1.44,-0.38,-0.99
YJL167W,-1.11,-0.49,-0.62,0.52,-0.64,-0.87,-0.96
YJL173C,-1.28,-0.84,-0.26,-1.08,-2.46,-0.95,-0.63
YJL174W,-0.98,-1.29,-0.98,-0.15,-1.62,0.52,-1.7
YJL194W,-0.2,0.04,-0.36,1.28,0.98,-0.66,-0.12
YJL195C,0.28,-0.63,-3.23,-3.14,-0.44,-0.61,-0.56
YJL202C,-0.3,-1.26,-0.02,0.09,-0.42,-1.14,-0.99
YJL203W,0.48,0.17,0.26,0.12,0.51,-0.69,-0.86
YJR002W,-0.44,0.23,-0.41,0.6,-0.28,0.78,0.9
YJR006W,0.06,0.25,-0.1,0.78,0.6,0.82,0.07
YJR007W,0.26,0.87,0.39,-0.25,1.25,0.23,0.98
YJR012C,0.07,0,0,0,0,0,0
YJR013W,-0.11,0.19,1.49,0.4,0.31,-0.11,-0.21
YJR016C,-0.49,-1.95,-0.6,-0.61,-0.98,-2.01,-1.01
YJR017C,-0.67,0.03,-0.85,0.94,1.53,0.19,-0.72
YJR022W,0.53,0.24,-0.94,-0.23,0.06,1.88,-0.56
YJR023C,-0.64,0.71,-0.19,0.43,0.91,1,-0.45
YJR041C,-0.2,-0.45,-0.97,0.32,-0.37,-0.19,-0.35
YJR042W,0.36,-0.55,-2.34,-1.71,-0.43,-1.46,-1.1
YJR045C,0.29,-0.6,-0.25,0.24,-0.03,0.02,-0.78
YJR046W,0,0,0,0,0,0,0
YJR057W,-0.07,0.11,0.18,0.1,-0.01,-0.4,0.39
YJR064W,-0.8,0.24,-0.4,-1.23,-0.64,-0.43,0.08
YJR065C,-0.25,0.03,-1.66,-0.21,0.07,0.63,-0.35
YJR067C,-0.81,-0.78,0.82,0.59,0.07,0.07,0
YJR068W,0.53,0.2,0.46,0.14,0.63,-0.03,-0.2
YJR072C,-0.17,-0.67,-0.41,1,0.33,-0.87,-1.72
YJR076C,0.98,0.86,-1.45,-1.22,0.11,0.54,-0.56
YJR093C,-0.14,-1.33,-0.52,0.75,0.37,-0.39,-0.6
YJR112W,0.46,-0.41,-0.48,0.12,0.26,0.67,0.1
YJR123W,0.63,-0.82,-1.25,-0.2,0.18,0.81,-2.21
YJR141W,0.37,-0.25,-0.45,-0.23,0.65,-0.32,0.17
YKL004W,0.51,0.92,0.29,-1.12,0.46,0,1.26
YKL006C-A,1.06,-0.2,-0.15,-0.13,1.09,1.05,0.53
YKL012W,-0.38,0.04,-0.74,0.02,0.64,0.5,0.02
YKL013C,0.69,-0.08,-0.92,-0.46,0.66,0.49,0.29
YKL014C,-0.29,-1.31,-0.63,0.25,-1.25,0.04,-2.14
YKL018W,0.93,-0.16,1.09,0.01,0.69,-0.68,-0.14
YKL019W,0.11,-1.16,1.3,0.3,0.2,-0.77,0.12
YKL021C,0.69,0.55,-0.22,-0.87,0.89,-0.23,0.48
YKL022C,1.32,0.86,0.06,0.14,-0.78,0.07,-0.68
YKL024C,-0.47,-0.94,-1.15,-0.34,-0.24,0.55,0.34
YKL028W,1.14,-0.45,1.09,0.57,1.12,-0.53,-0.33
YKL033W,-0.3,-0.09,0.23,-0.36,-0.28,-0.65,0.55
YKL035W,-0.23,0.7,-0.99,-1.02,-0.02,1.42,0.74
YKL036C,-0.21,-0.65,0.22,-0.66,-0.08,-0.22,-0.57
YKL042W,0.25,1.09,0.04,-0.11,0.56,-0.1,0.28
YKL045W,0.67,0.68,-0.26,0.18,1.05,0.41,0.64
YKL049C,0.63,1.08,-0.32,0.34,0.13,-1.14,0.35
YKL052C,0.62,-0.29,0.44,-0.26,-0.71,-0.84,0.14
YKL058W,0.62,0.35,0.69,0.79,0.3,0.58,-0.26
YKL059C,0.82,0.3,-0.28,1.62,-0.3,0.36,1.65
YKL060C,0,1.1,1.41,0,0.46,-0.73,1.12
YKL078W,-0.72,0.36,0.59,0.36,-0.47,0.8,0.29
YKL082C,-1.66,-1.52,-0.01,0.29,-1.43,-0.36,-2.73
YKL083W,0.45,-0.41,0,0.68,-0.43,0.57,0.72
YKL088W,0.54,1.22,0.15,0.87,-0.15,1.13,-0.14
YKL089W,0.62,0.13,0.47,0.39,0.04,-0.57,0.01
YKL095W,0.9,0.23,-0.15,0.91,0.3,-0.14,0.58
YKL099C,0.16,-0.14,-1.65,0.22,-0.18,-0.64,-0.38
YKL104C,1.21,0.29,0.05,-0.03,0.02,-0.44,-0.16
YKL108W,0.88,0.77,0.82,0.68,-0.16,1.64,0.96
YKL111C,-1.92,-1.01,0.14,0.37,-0.13,1.39,0.44
YKL112W,-0.49,-0.08,-1.8,0.29,0.08,-0.37,-0.22
YKL122C,-0.34,-1.14,-0.49,-0.59,-1.16,-0.67,-1.26
YKL125W,0.18,0.45,0.76,-0.2,0.89,0.4,0.88
YKL141W,0.45,0.28,0.5,0.17,0.26,-0.18,1
YKL144C,0.69,-0.27,-0.07,0.1,0.17,-0.58,-0.46
YKL145W,1.17,-0.46,-0.9,0.26,0.22,0.48,-0.18
YKL152C,1.36,-1.09,-0.7,0.24,-1.91,1.69,-0.16
YKL153W,0.07,0.67,-0.49,-0.59,-0.33,-0.63,0.07
YKL154W,-0.32,-1.22,-0.69,0.01,-0.6,0.94,-0.59
YKL165C,-0.48,-0.08,-0.1,-0.16,-1.21,-1.28,-1.46
YKL172W,0.89,-0.11,-0.41,-0.07,-0.08,-0.76,0.4
YKL173W,-0.02,0.76,-0.68,-0.35,-0.05,0.14,-0.03
YKL180W,1.57,0.92,-0.19,0.14,0.81,-0.53,1.29
YKL182W,-0.46,-0.7,0.26,0.28,-0.56,-0.24,-0.66
YKL186C,1.31,-0.32,-0.42,-0.16,-0.06,0.93,-0.58
YKL189W,1.18,0.32,-0.39,0.42,-0.11,0.06,0.38
YKL192C,-0.05,0.8,0.03,-1.17,-0.01,-1.38,-0.41
YKL193C,-0.18,0.69,0.09,-0.53,0.16,0.55,-0.65
YKL195W,-0.67,-1.22,-1.56,-1.23,-0.86,-0.8,-1.02
YKL196C,-0.18,-0.63,-0.27,-0.45,-0.78,0.19,-1.74
YKL203C,-0.07,-0.9,-0.83,-1.11,-0.55,-0.07,-1.61
YKL210W,-0.5,0.1,-0.08,-0.17,-1.72,-0.59,0.49
YKR002W,0.45,-0.32,-0.76,0.45,0.19,0.05,-0.27
YKR004C,-0.18,-0.82,-0.62,-0.36,-0.77,0.22,-0.55
YKR008W,-1.64,-1.1,-0.72,-1.45,0.71,0.79,-0.17
YKR022C,-1,-0.05,-0.35,-0.89,-0.52,0.1,0.6
YKR025W,0.22,0.47,-0.51,0.63,-0.33,-0.03,0.59
YKR037C,0.3,-0.23,-0.6,-0.08,-0.34,0.08,-1.6
YKR038C,-1.05,-2.35,-2.14,-1.94,-2.13,-1.25,-2.23
YKR062W,0.42,0.1,-0.29,0.46,0.84,-0.5,0.18
YKR063C,-0.34,-0.84,0.28,-0.26,0.21,-0.99,-1.33
YKR068C,0,0,0,0,0,0,0
YKR071C,-1.69,-0.48,1.42,0.41,0.59,-0.79,0.85
YKR079C,1.15,-0.32,0.28,0.49,-0.04,0.96,0.23
YKR081C,-0.52,-2.35,-0.19,-0.52,-1.76,-1.98,-1.49
YKR083C,0.98,-0.14,0.41,-0.77,-0.62,-0.63,-0.06
YKR086W,-0.16,-0.15,-0.71,0.48,-0.23,1.46,-0.32
YLL003W,-0.23,-0.67,-0.31,0.14,-0.63,1.12,-0.05
YLL004W,-0.13,-0.1,0.23,-0.35,-0.86,0.09,-1.2
YLL008W,1.56,-0.44,-1.05,0.41,1.51,1.63,0.62
YLL011W,-0.19,-1.15,-0.7,0.01,-0.27,-0.05,-1.39
YLL018C,-0.9,0.25,-0.51,0.38,-0.2,0.35,0.65
YLL031C,-0.03,-0.56,0.8,0.54,0.38,0.3,-0.68
YLL034C,0.62,0.09,1.01,0.21,0.86,0.78,0.58
YLL035W,-0.34,-0.13,-0.53,-0.94,0.96,0.31,-0.49
YLL036C,-0.31,-0.28,-0.23,-0.16,-0.38,1.44,-1.44
YLL037W,0.65,-0.38,-0.05,-0.38,0.26,-0.19,-0.67
YLL050C,0.41,0.5,-0.44,0.14,-0.11,1.33,1.34
YLR002C,0.73,1.11,-0.24,-0.49,-0.55,1.72,0.57
YLR005W,-0.66,-0.57,0.73,0.61,0.23,-0.19,-0.84
YLR007W,-0.07,-0.18,-0.12,0.07,0.62,0.86,0.02
YLR008C,-0.67,0.18,0.79,0.27,0.06,-0.24,0.58
YLR009W,1.55,0.03,1.12,1.95,0.1,-1.25,0.24
YLR010C,0.31,0.88,1.49,0.52,0.74,-0.84,1.1
YLR022C,-0.46,0.29,-0.04,0.43,0.69,0.82,1.09
YLR026C,0.95,1.06,-0.07,0.88,0.71,0.99,0.53
YLR029C,0.15,-0.53,-0.66,-1.17,-0.34,-1.3,0.11
YLR033W,-0.99,-0.73,-0.52,-1.01,0.23,0.78,0.4
YLR045C,-0.3,-0.42,-0.85,0.54,0.21,-0.77,-0.04
YLR051C,-0.46,0.59,0.28,0.39,1.37,-0.42,1.42
YLR060W,1.38,-0.33,0.32,0.26,-0.04,-0.64,1.11
YLR066W,0,0,0,0,0,-0.93,0
YLR071C,-0.89,0.54,2.03,1.06,-0.76,-0.77,0.85
YLR075W,2.25,1.36,0.05,1.04,0.61,0.86,0.98
YLR076C,0.93,0.55,-0.26,0.74,0.91,0.53,0.92
YLR078C,0.23,0.79,-0.55,-0.22,0.02,0.43,-0.08
YLR086W,-0.07,0,1.34,0.29,0.55,1.08,1.55
YLR088W,0,0,0,0,0,0,0
YLR100W,-1.16,-0.67,-0.98,1.01,0.18,-1.98,-1.17
YLR101C,0.08,0.5,-0.62,-0.71,-0.27,-0.77,-0.62
YLR103C,-1.87,0.03,0.91,0.34,-0.09,-0.53,-0.22
YLR105C,0.1,0.68,0.04,-0.32,1.76,0.15,0.69
YLR106C,0.28,-0.03,-0.08,0.04,0.08,-0.03,-0.38
YLR115W,0,1.15,1.36,0.84,0.92,-0.07,1.17
YLR116W,0,0,1.35,0,0.39,0,0.73
YLR117C,0,0,0,0,0.46,-0.66,1.89
YLR127C,-1.21,0.45,-0.44,1.75,-1.12,-0.22,-0.07
YLR129W,0,0.81,0.42,0.79,0.35,-1.24,0.57
YLR132C,0.61,0.62,0.4,1.09,0.35,-1.23,0.12
YLR140W,0.5,2.7,0.82,0.49,0.21,0.33,2.26
YLR141W,-1.23,-0.45,-1.56,-1,-1.85,-0.32,-1.16
YLR145W,-0.45,-0.41,-0.31,-0.48,-0.08,-0.99,-0.06
YLR147C,1.07,1.27,-0.66,0.06,0.36,1.14,0.28
YLR153C,-0.24,-0.69,-1.35,-1.8,0.41,-0.09,-0.31
YLR163C,0.66,0.2,0.55,0.45,0.15,-0.72,-0.02
YLR166C,0.55,-0.78,0.17,0.9,-0.2,-0.64,-0.32
YLR167W,1.02,1.53,-0.53,1.14,0.92,0.08,0.41
YLR175W,0.68,0.57,0.59,0.32,0.4,0.81,0.89
YLR186W,0.37,0.49,-0.16,0.31,0.04,0.61,-0.45
YLR195C,0.08,0.65,0.36,-0.61,-0.75,-1.71,0.5
YLR196W,-0.22,0.13,0.31,0.47,-0.02,1.02,-0.42
YLR197W,0.84,0.82,0.49,0.92,0.12,0.76,0.35
YLR198C,1.57,0.04,1.13,0.92,-1.27,0.93,-0.03
YLR208W,-0.67,-0.32,-0.65,0.12,-1.31,-0.85,-0.56
YLR212C,0.12,-0.35,-0.37,0.79,0.31,0.45,-0.38
YLR215C,-0.48,-0.71,-0.23,0.44,0.12,-0.62,-0.01
YLR222C,-1.17,-1.33,-0.8,0.82,-1.1,0.81,-0.94
YLR223C,-0.09,-0.06,-0.53,-0.13,0.81,2.18,-0.11
YLR229C,0,0,0,0,0,0,0
YLR230W,-1.86,-0.79,-0.75,-0.21,-0.93,-0.18,-0.15
YLR243W,-0.76,-0.65,0.15,0.14,-0.53,0.26,-0.69
YLR249W,0.3,0.23,-0.35,0.46,0.14,0.39,0.39
YLR259C,1.03,-0.14,-0.64,-0.26,0.02,-0.28,-0.23
YLR272C,0.06,-0.27,0.02,0.65,0.63,0.45,0.76
YLR274W,0.29,-0.64,-1,-0.59,-0.13,0.33,-0.23
YLR275W,1.11,1.46,0.05,0.19,0.18,0.19,0.57
YLR276C,-0.5,0.05,-0.81,0.47,0.15,0.42,0.27
YLR277C,-1.42,-0.84,0.52,0.34,-1.13,-2.23,-1.05
YLR291C,0,0.78,0.18,-0.63,0.04,-0.1,0.4
YLR293C,0,0,0,0,0,0,0
YLR298C,0,0,0,0,0,0,0
YLR305C,-0.13,-0.1,0.19,0.18,0.64,1.4,0.53
YLR310C,1.09,0.97,-0.3,-1.22,-0.06,0.51,0.33
YLR314C,0.63,-0.13,0.29,-0.73,1.22,-0.25,0.14
YLR316C,-0.51,-0.8,0.04,-0.18,-0.06,0.22,0.08
YLR317W,0.18,-0.4,-1.71,-0.69,-0.91,0.57,-0.75
YLR321C,-0.07,0.75,-0.41,-1.9,0.53,-0.01,0
YLR323C,-2.55,-1.92,0.25,-1.36,-3.2,-1.32,-2.19
YLR336C,-0.2,-0.74,0.93,1.46,-0.57,0.94,0.3
YLR339C,-0.33,0.44,-0.96,-1.3,-1.39,-0.73,0.62
YLR340W,1.24,1.17,0.44,0.33,0.54,0.84,-0.28
YLR347C,-0.43,-1.04,-0.24,0.33,-2.2,-2.26,-1.24
YLR355C,0.85,-0.57,-0.27,-1.02,0.09,0.59,0.36
YLR359W,0.4,-0.38,-0.23,-0.08,-0.37,-0.04,-0.42
YLR378C,-0.89,0.15,-0.49,-0.75,0.21,0.23,-0.34
YLR379W,0.91,-0.58,-1.04,-1.32,-0.28,-0.38,0.52
YLR397C,1.09,-0.19,-1.01,-0.04,1.03,0.54,0.48
YLR409C,0.31,-0.66,-0.05,-0.05,-0.28,-0.65,0.43
YLR424W,-1.35,-0.46,0.1,-0.05,0.38,0.53,-0.12
YLR430W,-1.39,-0.52,-0.83,0.04,-0.96,-0.56,-1.12
YLR438C-A,-1.32,0.06,0.72,0.42,-0.8,-1.58,-0.32
YLR440C,-0.91,-0.67,0.39,0.2,-1.02,-2.65,-1.99
YLR457C,-0.91,-0.41,-0.48,0.52,-0.43,-0.38,0.03
YLR458W,-0.47,-0.24,-1.16,0.39,-0.41,0.27,0.49
YLR459W,0,0.35,0.81,-0.26,0.21,-0.21,-0.13
YML010W,-0.64,-0.59,-0.46,0.06,-1.11,0.87,-2.59
YML015C,-0.52,-0.5,-0.32,-0.24,-0.5,-0.98,-1.06
YML023C,0.04,0.29,-0.36,-0.26,1.07,0.98,0.35
YML025C,0.32,-0.16,0.29,0.41,0.34,-0.13,0.89
YML031W,-0.44,0.08,-0.02,-0.59,-1.62,-0.43,-1.86
YML043C,-0.87,-0.62,-0.36,0.53,-1.28,-0.45,-0.87
YML046W,0.44,-0.18,-0.93,1.1,-0.02,-0.28,-0.23
YML049C,0,0,0,0,0,0,0
YML064C,0.46,0.25,0.02,-0.74,0.03,-0.16,0.72
YML065W,0.79,0.25,0.29,0.17,-0.24,0.73,-0.24
YML069W,-0.38,-2.08,-0.43,1.91,-0.94,-0.64,-1.11
YML077W,0.01,-0.43,0.38,0.23,0.32,-0.71,-0.38
YML085C,-3.34,-3.4,-2.12,-0.87,-0.52,-0.35,-1.19
YML091C,-0.46,-0.02,-0.37,-0.15,-0.59,0.26,-0.65
YML092C,0,0,0,0,0,0,0
YML093W,0.22,0.21,-1.03,-0.43,0.57,-0.45,-0.3
YML098W,-1.51,2.66,0.65,-0.5,0.65,-0.62,0.97
YML105C,0.25,-0.4,0.12,1.1,0.11,1.17,0.67
YML114C,-0.84,-1.81,-1.13,1.99,-0.96,-0.93,-0.91
YML125C,-0.9,0.08,-0.29,-0.58,-0.07,-1.17,-0.64
YML126C,0.35,-0.94,-1.32,-1.57,-0.16,0.84,-0.42
YML127W,-2.86,-1.63,-2.75,-3.34,-0.55,-1.31,-0.95
YML130C,-0.87,-0.85,-0.09,1.03,-0.36,-0.04,-1.18
YMR001C,0,0,1.76,0,0.29,-0.85,-0.25
YMR005W,-1.15,-0.15,0.6,0.32,-0.68,-0.02,-1.46
YMR013C,0,0,0.2,0.35,0.52,0.47,0.38
YMR028W,-1.37,-1.72,-0.88,-0.6,-1.46,-0.26,-2.12
YMR033W,-0.81,-0.83,0.35,-1.01,-0.62,-0.69,0.42
YMR043W,0,0,-0.41,-0.11,0.07,-0.69,-0.05
YMR047C,-0.76,-0.41,-0.95,0.51,0.58,0.69,-0.92
YMR049C,0,0,0,0,0,0,0
YMR059W,0,0,0,0,-0.25,0,0
YMR061W,0.43,-1.58,-0.51,-0.19,-0.97,-0.61,-0.11
YMR076C,0.03,0.04,-1.27,-2.21,-0.55,-0.78,-0.55
YMR079W,0.95,-0.58,-1.09,-1.25,0.29,-0.27,-0.69
YMR093W,-0.45,-0.2,-0.22,0.54,-0.58,1.49,0.3
YMR094W,0.09,-0.14,0.11,-1.13,-0.05,-1.05,-0.03
YMR112C,-0.72,0.42,-0.08,0.15,0.61,1.01,-0.38
YMR113W,-0.49,-0.5,-0.44,0.39,-0.39,0.31,0.2
YMR117C,-0.1,0.19,0.19,0.45,-0.09,0.22,0.68
YMR128W,-0.95,0.27,-0.48,0.56,0.37,0.2,0.51
YMR131C,-0.4,-0.16,0.88,0.1,0.24,-0.67,0.07
YMR134W,-0.35,0.18,0.57,0.42,-0.09,-1.12,-0.01
YMR146C,0.97,-0.76,-0.98,0.48,-0.43,-0.24,-0.23
YMR149W,0.32,0.33,-0.23,-0.25,-0.92,1.2,-0.05
YMR168C,0,0,2.15,0.61,0,0,0
YMR185W,-0.59,-0.68,-0.58,-0.08,0.39,0.76,0.54
YMR197C,-0.66,0.11,-0.46,0.29,-0.13,0.22,-0.1
YMR200W,0.26,-0.96,0.16,-1.36,-0.23,0.2,0.06
YMR203W,-0.09,1.08,0.55,0.11,-0.1,-0.75,-1.31
YMR208W,0.4,-0.99,-0.96,-0.48,-0.73,1.23,-0.06
YMR211W,0.76,0.72,0.22,-0.77,1.74,0.07,1.56
YMR213W,1.35,0.28,-1.3,-1.14,0.15,0.13,1.02
YMR218C,-0.09,-0.1,-0.32,-0.42,-0.37,-0.72,-0.88
YMR220W,1.34,-1.23,-0.55,-0.89,-0.4,1.12,-0.05
YMR227C,-0.21,-0.22,0.26,1.12,-0.89,-0.14,-1.36
YMR229C,0.06,0.23,0.4,0.28,0.3,0.03,-0.16
YMR235C,-0.43,0.12,-1.01,-1.74,-0.86,-0.31,-1.72
YMR236W,-0.91,-0.84,-0.26,-1.97,-1.06,-0.32,-1.46
YMR239C,0.23,0.75,0.63,0.25,0.27,1.35,0.2
YMR240C,-0.64,-0.82,0.86,-0.04,0.03,0.29,0.63
YMR260C,-0.58,-0.59,-0.62,0.75,1.04,-0.48,-0.69
YMR268C,0.2,0.39,-0.3,-0.26,1,0.6,0.68
YMR270C,0.68,0.01,-0.25,0.53,1.62,1.43,0.1
YMR277W,-0.28,0.01,-0.76,-0.66,0.06,1,0.04
YMR281W,1.14,-0.55,-0.08,-2.84,-0.03,-0.27,-0.28
YMR288W,-0.23,0.18,0.46,0.25,0.76,0.29,-0.84
YMR290C,-0.87,-0.71,-0.54,0.62,0.21,-2.85,-0.72
YMR290W-A,0,0,0,0,0,0,0
YMR296C,-1.8,-1.91,-0.76,-0.9,-10,-1.9,-2.06
YMR298W,-0.86,0.15,-1.12,-0.55,-1.61,0.63,-0.23
YMR301C,-0.27,0.68,0.06,-0.54,0.6,-0.06,0.25
YMR308C,0.18,-0.1,-0.7,-1.47,0.2,0.73,-0.25
YMR309C,0,0.32,0,1.07,1.04,-0.4,-0.78
YMR314W,-0.8,1.77,0.02,0.99,0.01,1.1,0.51
YNL002C,-0.41,0.28,-0.88,0.84,-0.08,-0.32,-0.5
YNL006W,0.93,0.09,-0.08,-0.87,0.66,0.85,0.87
YNL007C,-0.62,-0.37,0.28,0.17,0.31,-0.08,-0.19
YNL026W,-0.21,-1.05,-0.39,0.74,-0.33,-0.34,-0.55
YNL038W,-0.68,-1.07,-0.55,0.04,-0.49,-0.5,-0.23
YNL039W,-0.2,1.01,-0.6,-0.73,0.08,-0.74,-0.36
YNL061W,-0.92,0.54,0.46,0.91,0.45,-0.95,0.58
YNL062C,-3.12,-1.16,-0.23,1.98,-1.76,0.11,-2.34
YNL075W,0.05,0.9,-0.49,1.34,-0.3,0.16,-1.16
YNL088W,-0.55,-0.18,-0.69,0.24,-0.83,0.16,-0.23
YNL102W,-0.59,-0.17,-0.7,-0.62,-0.69,-1.93,-0.95
YNL103W,0,-0.36,-0.08,0.09,0.61,1.04,-0.14
YNL110C,0.93,0.84,-2.23,-0.9,-0.29,0.89,0.31
YNL112W,0,0,0,0,0,0,0
YNL113W,0.41,0.94,-0.71,1.19,-0.1,0.16,0.15
YNL114C,-0.56,-0.33,-0.14,1.46,0.02,-0.2,-0.84
YNL118C,-0.74,-0.29,-0.63,0.73,-0.4,-1.35,-1.7
YNL124W,-1.3,0.44,-0.38,-0.5,0.54,0.28,-1.04
YNL131W,0.7,0.63,1.16,-0.41,0.25,0.5,0.26
YNL132W,-0.33,-0.2,-0.31,-0.28,0.24,0.57,0.9
YNL137C,-0.11,-0.96,0.13,-0.83,-0.02,0.33,0.04
YNL149C,0.5,0.86,0.08,-0.57,0.73,0.79,-0.55
YNL150W,0.52,0.3,-0.14,0.35,-0.22,0.62,-0.89
YNL151C,-1.28,-0.14,0.69,0.38,0.72,-0.74,0.06
YNL152W,0.22,0.61,0.74,0.25,0.29,0.19,0.14
YNL158W,-0.6,-1.43,0.82,-0.05,0.47,0.11,-0.93
YNL161W,1.05,1.12,0.73,0.68,-0.53,-0.16,-0.36
YNL163C,0.29,0.2,-0.52,0.59,-0.12,1.03,0.39
YNL172W,-0.01,-1.28,-0.37,0.54,0.21,-0.38,0.06
YNL178W,-0.09,0.39,-0.81,0.54,-0.09,0.63,0.73
YNL181W,-1.28,-0.46,-0.33,-0.58,-1.26,0.92,-0.59
YNL182C,-0.41,0.03,-0.68,-0.87,-0.6,-0.98,-0.88
YNL188W,-1.25,-2.54,-1.23,-0.29,-1.59,-0.45,-2.41
YNL189W,-0.53,-0.1,0.42,1.11,0.07,-0.13,0.25
YNL207W,-0.22,-1.01,-0.92,-0.36,-0.18,1.11,-0.21
YNL216W,0.57,1.61,0.6,0.35,2.46,1.29,1.68
YNL221C,-0.16,-0.62,-0.7,-0.3,0.57,0.51,-1.3
YNL222W,-0.63,0.52,-0.42,0.04,0.38,-0.52,-0.63
YNL232W,-0.73,-1.66,-0.72,0.97,-0.3,1.53,-0.35
YNL240C,-0.15,0.51,0,-0.75,1.07,1.37,0.89
YNL244C,0.09,0.44,0.56,-0.37,-0.02,0.26,0.46
YNL245C,0,0,1.44,0,0,0,0
YNL247W,-2.27,-1.17,2.26,-0.65,-0.27,0.54,-1.52
YNL251C,-0.22,-0.48,0.1,0.36,0.68,0.46,-0.13
YNL256W,-0.56,-0.25,-0.69,0.51,-0.16,0.54,0.19
YNL258C,-0.53,-0.18,-0.01,0.52,-0.13,0.44,-0.66
YNL260C,-0.29,0.8,0.37,0.22,0.41,-0.03,0.42
YNL261W,-0.28,-0.31,1.24,-0.05,0.28,-0.6,0.2
YNL262W,0,0,0,0,0,0,0
YNL263C,0.74,0.32,1.02,1.68,0.26,0.64,-0.39
YNL267W,-4.44,-3.12,-0.69,-0.38,-0.73,-0.78,-1.2
YNL272C,-1.01,0.29,1.24,-0.23,-0.8,-0.33,-0.9
YNL282W,1.04,1.81,0.38,1.25,0.1,0.07,0.44
YNL287W,-0.87,-0.44,0.49,0.76,-0.2,-1.3,-0.46
YNL290W,-0.41,-0.5,-1.6,-1.35,-0.06,-0.15,-0.21
YNL306W,-0.13,-0.14,0.54,-0.4,-0.96,-1.08,-0.44
YNL308C,-2.66,-2.86,-2.2,-1.39,-0.64,-1.83,-4.33
YNL310C,-0.06,-0.12,-0.28,-0.11,-0.31,-0.52,-0.53
YNL312W,-0.11,-0.18,-0.12,-0.14,-0.33,1.35,-0.24
YNL313C,1.26,0.92,-0.1,-0.26,0.66,0.76,-0.59
YNL317W,0,0,0,0,0.45,0,0
YNR003C,-1.04,1.09,1.49,-1.56,-0.21,-0.87,0.73
YNR011C,-0.66,-0.12,-0.74,0.08,0.15,0.53,-1.12
YNR016C,0.2,0.68,1.5,0.44,-0.38,-0.49,0.4
YNR017W,0.68,0.36,0.34,1.48,0.21,0,-0.4
YNR026C,-0.3,0.2,0.99,-0.84,-0.04,-2.63,0.6
YNR035C,-0.72,0.38,-0.55,0.91,-0.28,-0.26,0.38
YNR038W,-0.92,-0.16,-0.17,0.62,0.58,-0.21,-0.41
YNR043W,1.16,0.18,-1.68,-1.18,0.18,-0.32,0.14
YNR046W,0.07,-0.11,-0.34,-0.15,-0.58,0.47,0.66
YNR053C,-0.18,-0.03,-0.52,0.93,0.74,-0.22,-0.31
YNR054C,-0.1,-0.68,0.92,-0.24,-0.21,0.08,0.56
YOL005C,-1.41,0.22,-0.93,-1.54,-1.13,-0.52,0.16
YOL010W,-1.49,0.31,1.61,-0.66,0.12,-1.91,0.93
YOL021C,0.38,0.06,-0.6,0.26,0.5,-1.68,1.51
YOL022C,0.14,0.37,-0.46,-0.98,-0.06,-0.49,-0.12
YOL026C,0.05,0.31,0.67,0.25,0.79,-0.35,0.88
YOL034W,-0.09,0.74,1.61,0.08,0.56,1.48,0.07
YOL038W,0.46,0.62,-0.49,1.76,0.55,0.94,-0.08
YOL040C,0,0.61,0.8,0.96,1.2,-0.58,-0.26
YOL066C,-0.57,-0.42,0.28,-0.09,-0.72,1.52,0.31
YOL069W,0.76,1.38,0.99,0.42,-0.39,-0.78,0.51
YOL077C,-0.19,-0.67,-0.12,0.16,-0.68,0.47,-0.38
YOL078W,-0.16,0.07,0.24,0.6,0.64,-0.46,-0.39
YOL094C,0,0,0,0,0,0,0
YOL097C,0.02,0.14,0.69,-0.4,-0.2,0.89,0.25
YOL102C,0,0,1.14,0.04,0.57,0,-0.15
YOL120C,0.09,0.33,-0.2,1.5,0.16,-0.04,-0.8
YOL123W,1.27,-0.13,0.13,1.37,0.65,-0.27,0.8
YOL127W,0,0,0,0,0,0,0
YOL130W,0.05,-0.06,-0.19,-0.44,-1.23,-2.12,-0.85
YOL133W,-0.67,0.54,0.31,-0.67,1.06,-0.89,0.27
YOL134C,-0.22,-1.1,-0.32,-0.08,-0.53,0.06,-0.99
YOL135C,0.13,2,0.34,-2.2,0.67,0.87,0.17
YOL139C,0.91,0.73,0.36,0.71,1.04,1.17,-0.15
YOL144W,0,0.9,1.17,-0.68,0.27,-0.5,0.67
YOL146W,0.86,0.46,0.38,-0.14,-0.28,1.05,-0.01
YOL149W,-1.03,0.28,0.8,0.62,-0.36,0.63,0.06
YOR004W,-0.13,0.12,0.75,0.42,0.34,0.07,-0.25
YOR020C,-2.18,-1,-0.66,-0.35,-0.78,-1.94,-1.79
YOR046C,-0.64,-1.79,-0.1,0.07,-1.23,-1.63,-1.88
YOR048C,-0.02,0.95,0.03,1.08,0.5,-0.56,-0.53
YOR056C,-0.59,-1.1,-0.66,-1.32,-1.2,-1.65,-0.18
YOR057W,-0.83,-0.7,-0.15,-1.05,-2.32,-1.55,-1.14
YOR060C,-0.43,-0.21,1.11,0.09,0.34,-0.54,-0.1
YOR063W,0.01,-0.09,-0.03,0.07,1.07,-0.27,0.62
YOR074C,0.04,0.11,0.44,0,-0.14,0.48,-0.28
YOR075W,-0.55,-0.67,-0.96,-0.17,-1.91,0.56,-0.98
YOR077W,-3.86,1.31,0.11,-0.89,-1.13,0.34,-1.03
YOR095C,0.6,0.05,-0.08,-0.51,0.75,-0.02,0.27
YOR098C,0.58,-0.28,-1.1,-0.66,0.08,-2.03,-1.1
YOR102W,0.11,-1.52,-0.67,-0.68,-2.14,-0.55,-1.14
YOR103C,0.15,-0.42,0.33,-0.81,-0.61,-0.91,-0.01
YOR110W,-0.46,-2.04,-1.57,1,-1.68,-0.75,-1.1
YOR116C,0.87,1.06,-0.85,-0.46,0.62,0.23,-0.1
YOR117W,-0.01,0.32,0.72,0.66,-0.08,-0.22,-0.6
YOR119C,-0.83,-0.89,0.02,-0.08,-1.4,-1.18,-1.66
YOR122C,0.25,-0.75,0.19,0.28,-0.31,-1.34,0.09
YOR143C,-0.58,-0.08,-0.38,0.07,0.52,-0.4,-0.24
YOR145C,0.05,-0.06,-0.98,0.61,0.18,-0.93,-0.35
YOR146W,0.35,0.2,0.22,0.77,-0.85,-1.05,0.26
YOR148C,-0.25,-0.19,0.39,-0.51,-0.5,-2.07,-0.46
YOR149C,0.28,-0.13,0.71,0.18,0.48,0.23,0.16
YOR151C,-0.45,0.79,0.38,-0.32,0.09,-1.5,0.38
YOR157C,-0.22,-0.25,1.83,1.23,-0.39,-0.49,0.32
YOR159C,0,0,-0.12,0,1.17,0,1.5
YOR160W,-0.15,-0.87,-0.42,-0.46,-0.88,-1.52,-0.58
YOR168W,0.32,0.08,0.98,-0.28,0.03,0.62,0.35
YOR169C,-0.03,0.11,-2.78,0.52,0.42,-0.71,1.43
YOR174W,0,-0.09,-0.57,-1.75,-0.23,0.3,0.45
YOR176W,-0.39,-1.21,-0.13,-0.8,-1.1,-0.28,-0.88
YOR181W,0,0,0,0,0,0,0
YOR194C,-0.17,-1.32,-0.43,-0.73,0.35,0.31,0.08
YOR203W,0.98,-1.44,0.03,-0.38,0.8,-0.08,0.52
YOR204W,-0.22,-0.16,-0.1,0,0.54,0,0.2
YOR206W,0.13,0.12,-0.03,-0.86,0.19,-0.45,0.3
YOR207C,0.65,0.35,-0.13,-0.05,-0.08,0.82,-0.07
YOR210W,0.96,-0.92,-1.57,0.25,-0.92,-0.3,-1.02
YOR217W,-0.82,-1.48,-0.61,-0.25,-0.76,0.97,-0.04
YOR218C,0.79,1.44,0.89,-0.25,0.03,0.13,1.04
YOR224C,0,0,1.38,0,-0.38,-2.16,0.71
YOR232W,0.42,0.01,0.37,0.38,-0.07,0.97,-0.29
YOR236W,0.39,0.01,-0.94,-0.58,0.29,-0.22,-0.37
YOR244W,-0.68,-0.81,-1.72,-0.57,-0.45,1.07,-0.33
YOR249C,0.15,0.11,0.16,-0.11,0.16,0.09,0.65
YOR250C,1.37,0.64,-0.24,0.11,0.55,0.24,1.18
YOR254C,-0.89,-1.1,0.59,-0.69,-1.09,-0.07,-1.48
YOR256C,-0.46,-1.24,-0.32,0,0.08,0.54,-0.34
YOR257W,-0.28,-0.4,-0.23,0.1,-0.73,-0.53,-0.95
YOR259C,0.29,-0.14,0.38,0.86,0.39,0.21,-0.86
YOR260W,-0.34,-0.42,-0.56,0.48,-0.57,0.1,0.37
YOR261C,0.39,0.39,0.2,1.28,0.94,1.08,0.06
YOR262W,0.94,0.11,0.47,-0.19,-0.11,-0.37,0.8
YOR272W,-0.64,-1.04,-1.03,0.03,-1.19,-0.99,-0.68
YOR278W,0,0,0,0,0,0,0
YOR281C,0,0,0,0,0,0,0
YOR282W,-0.17,-0.88,-0.72,-0.75,-0.57,-0.48,0.22
YOR287C,-0.58,-0.56,-0.59,-0.92,-0.51,0.21,0.22
YOR294W,0,0,0,0,0.21,0,2.05
YOR310C,0.64,-0.03,-0.82,0.46,0.54,-0.72,0.2
YOR319W,-0.56,-0.41,0.03,-0.37,-0.63,-0.9,-1.48
YOR326W,0.35,0.2,0.93,-0.19,0.12,0.65,-0.2
YOR329C,0.47,0.93,0.34,0.27,0.84,-0.35,1.23
YOR335C,1.11,0.18,0.97,1.16,0,-0.26,0.31
YOR336W,0.36,-0.45,0.04,-0.71,0.24,-1.42,0.54
YOR340C,-0.41,-0.14,-1.29,1.27,-0.45,0.1,0.79
YOR341W,0.46,-0.45,1.07,0.23,-0.37,0.13,0.34
YOR353C,0,0,0,0,0,0,0
YOR361C,0,-0.61,0.51,-1.22,1.2,-0.12,0.11
YOR362C,0,-0.28,0.51,0.29,0.08,0,0.33
YOR370C,0.05,-0.33,0.48,0.49,-0.81,-0.22,-0.14
YOR372C,0,0.41,0.61,-0.24,0.01,0.66,0.44
YOR373W,0.48,-0.02,0.17,-1.19,0.54,-0.45,-1.13
YPL007C,0.33,-0.22,-0.1,0.4,-0.53,-1.94,-0.47
YPL010W,-0.22,-0.59,0.98,0.83,-0.26,-0.71,0.24
YPL011C,0.15,-1.45,-0.12,0.87,-0.08,2.99,0.26
YPL012W,-0.23,-1.54,0.7,1.6,-2.32,0.04,-0.85
YPL016W,-0.54,0.2,0.35,0.36,-0.1,-1.26,0.2
YPL020C,-0.61,-0.28,-0.13,-0.26,-1.3,-1.17,-0.7
YPL028W,-0.64,0.45,-0.43,-0.79,0.04,-0.79,-0.31
YPL043W,0.33,-0.42,-0.8,-0.09,-0.26,1.86,-0.09
YPL044C,0,0.25,-0.89,0.41,-0.46,-0.1,0.07
YPL063W,-1.13,-1.7,-0.37,0.62,-0.03,-3.08,-1.24
YPL075W,-0.49,0.56,0.7,-0.39,0.02,-0.66,-0.29
YPL076W,-0.62,0.19,1.41,0.91,-0.52,0.36,-1.87
YPL082C,0,0,0,0,0,0,0
YPL083C,-0.34,0.82,0.41,-1.12,-0.14,-0.83,0.43
YPL085W,-1.24,0,-0.65,-0.86,-0.32,-0.53,0.83
YPL093W,0.15,0.01,-0.28,0.64,0.53,-1.87,-0.86
YPL094C,0.05,0.57,-0.49,-0.59,0.48,0.96,0.53
YPL117C,0.33,-1.47,0.4,0.5,0.31,1.28,1.27
YPL122C,0,0.19,-0.46,-0.61,-0.86,1.13,0.86
YPL124W,0,0.81,0.11,-0.35,0.83,-0.72,0.79
YPL126W,0.62,0.33,-0.14,0.48,0.09,0.18,0.04
YPL128C,1.01,0.6,-0.44,-0.31,1.24,1.12,0.17
YPL131W,0.13,0.48,-0.63,1.32,0.24,-0.29,-0.56
YPL142C,-0.43,0.25,-0.87,-1.96,-1.56,-1.75,0.46
YPL143W,-0.11,0.85,-0.78,-1.2,-0.49,-0.53,-0.18
YPL146C,-0.11,-0.14,-0.11,1.07,0.45,0.9,-0.08
YPL151C,1.09,1.19,-0.3,-0.3,0.9,1.28,1.67
YPL153C,0.08,-0.87,0.36,-0.85,-0.44,0.49,-0.66
YPL160W,0.56,0.46,0.6,-0.23,-0.72,-0.94,-0.9
YPL169C,-0.41,0.51,-2.66,-0.31,-0.33,0.58,0.19
YPL175W,-0.43,0.04,-0.83,-0.38,-0.75,0.65,-0.25
YPL190C,-0.32,-1.61,0.22,-0.45,-0.67,-0.38,-0.18
YPL204W,-0.51,-1.43,-0.46,-1.59,-1.43,1.6,-0.73
YPL209C,0,0,0,0,-1.64,0,0
YPL210C,0.35,0,0.63,1.16,0.14,1.55,0.03
YPL211W,0,1.95,0.96,0,0.88,-0.55,1.45
YPL217C,-0.95,0.79,-0.23,0.09,0.05,0.52,0.49
YPL218W,0,0,1.43,0,0.02,-1.93,0.79
YPL228W,0,0,0,0,0,0,0
YPL231W,0.51,0,0.49,-0.34,-0.62,-0.22,0.8
YPL233W,-0.1,-0.39,0.34,0.04,0.61,-0.56,0.08
YPL235W,0.32,0.22,0.7,-0.05,0.19,-0.47,-0.01
YPL237W,0.37,0.45,-1.68,0.07,-0.1,1.68,-0.5
YPL238C,-3.06,0.4,-3.14,-0.55,-0.7,1.09,-1.96
YPL242C,0,0,0,-0.53,0,0,0
YPL243W,-1.14,0.27,0.84,0.47,-0.7,1.06,-0.69
YPL251W,-0.14,0.36,0.92,-1.05,-0.92,0.22,0.9
YPL252C,-0.24,-0.58,-0.81,-0.02,-1.52,0.2,-0.83
YPL255W,-0.87,0.38,0.77,0.59,-0.41,0.66,0.09
YPL266W,-0.14,0.23,-0.53,-0.09,-0.1,-0.69,-0.55
YPR010C,0.33,0.77,0.22,-0.41,-0.83,0.15,-0.16
YPR016C,1.6,-0.25,-1.34,0.68,0.21,-1.55,0.05
YPR019W,-1.09,0.21,0.83,0.96,-0.64,-0.82,0.27
YPR025C,-0.05,-0.55,-0.08,0.2,-0.43,-0.67,-0.13
YPR033C,-1.97,-1.3,-0.78,-1.75,-0.6,0.13,-0.96
YPR034W,-0.45,0.04,-0.73,-0.53,-0.69,0.15,-0.41
YPR035W,-0.45,-0.85,-0.02,-1.09,0.25,2.18,0.35
YPR041W,-0.56,-2.01,-1.01,2.3,0.72,-0.14,0.57
YPR048W,-0.63,-0.25,0.06,0.27,-0.5,0.65,-0.19
YPR055W,-0.66,-0.58,0.49,-0.38,-0.87,-0.77,-0.53
YPR056W,-0.01,0.59,0.01,0.61,-0.29,-0.08,0.32
YPR082C,0.04,-0.76,0.79,-0.07,-0.52,-0.46,-0.3
YPR085C,0.8,-2.48,-1.46,-0.77,-0.05,-0.79,-1.57
YPR086W,0.86,-0.23,-0.13,-0.92,0.81,-0.42,0.99
YPR088C,0.2,-0.08,0.44,0.31,0.37,0.48,0.36
YPR094W,-0.66,-0.34,0.57,-0.39,0.45,-0.47,-0.68
YPR103W,-0.41,0.34,-0.32,0.78,-0.45,-0.34,-1
YPR104C,0.49,-0.12,-1.08,1.84,-0.19,-0.18,-0.73
YPR105C,-1.36,-0.15,0.46,0.98,-0.22,-1.91,-0.54
YPR107C,0.89,-0.45,0.12,0.27,0.57,0.04,0.04
YPR108W,0,0,0,0,0,0,0
YPR110C,0.38,1.09,0.58,0.71,0.96,-0.12,0.82
YPR112C,-0.36,-0.72,-0.15,0.25,-1.19,-0.86,-0.01
YPR113W,0,0.74,0.9,0.23,-0.18,-0.85,0.55
YPR133C,0,0,0.29,0.82,0.65,-0.59,0.56
YPR136C,-0.04,0.03,-0.5,0.83,-0.14,0.79,0.78
YPR137W,0.36,0.31,-0.33,-0.71,0.16,0.78,-0.82
YPR142C,-0.71,0.69,-0.87,-0.08,0.59,-1.54,-0.86
YPR143W,-0.57,0.97,0.43,0.85,0.92,0.33,0.18
YPR144C,0.31,-0.15,-1.57,0.64,-1.8,0.68,0.71
YPR161C,0,0,0,0,0,0,0
YPR162C,-0.24,1.22,1.65,0.51,0.4,0.3,-0.42
YPR165W,-1.25,1.08,0.16,0.33,0.97,-0.29,1.56
YPR168W,-0.18,0.93,0.33,-0.33,0.45,-0.28,0.26
YPR169W,-0.52,-0.24,-0.14,0.83,0.39,1,0.56
YPR175W,0,0,0,0,0,0,0
YPR176C,-0.46,0.29,0.76,0.63,-0.04,0.66,-0.9
YPR177C,-0.82,-0.3,1.49,0.53,0.39,1.27,0.63
YPR178W,-1.23,-0.09,-1.07,0.96,0.42,0.25,-1.11
YPR180W,-0.09,-0.26,-0.13,0.03,0.86,0.13,0.43
YPR181C,-1.08,-0.56,-1.6,-1.73,-1.19,-1.12,-1.02
YPR182W,0.23,0.61,0.61,0.61,0.22,0.58,1.09
YPR183W,0,-0.31,0.75,0,-0.08,-0.42,0.62
YPR186C,-0.43,-1.03,0.29,-0.01,-0.42,-1.02,-0.64
YPR187W,-1.03,0.17,-0.59,-1.25,0.56,-0.37,-0.34
YPR190C,-0.1,0.42,0.69,-0.17,1.07,0.82,1.56
