node1,node2
b0002,b0436
b0008,b3781
b0008,b4034
b0009,b0827
b0009,b1727
b0009,b3856
b0014,b0015
b0014,b0424
b0014,b0881
b0014,b0911
b0014,b1084
b0014,b1866
b0014,b2231
b0014,b2592
b0014,b2614
b0014,b2721
b0014,b3461
b0015,b0424
b0015,b2614
b0015,b3461
b0015,b3705
b0015,b4034
b0020,b0881
b0026,b0424
b0032,b0033
b0032,b0436
b0033,b0436
b0053,b0177
b0053,b2512
b0054,b0641
b0074,b4143
b0077,b4143
b0080,b0436
b0081,b1077
b0081,b1922
b0083,b0084
b0083,b0089
b0083,b0093
b0083,b2321
b0083,b2513
b0083,b2572
b0083,b2748
b0083,b3388
b0083,b3933
b0083,b4409
b0083,b4520
b0084,b0089
b0084,b0093
b0084,b0094
b0084,b0149
b0084,b2748
b0084,b3208
b0084,b3388
b0084,b3933
b0084,b4409
b0084,b4520
b0087,b3705
b0089,b0093
b0089,b0149
b0089,b2748
b0089,b3208
b0089,b3933
b0089,b4409
b0089,b4520
b0093,b0094
b0093,b0098
b0093,b0890
b0093,b2748
b0093,b3300
b0093,b3388
b0093,b3462
b0093,b3705
b0093,b3933
b0093,b4409
b0093,b4520
b0094,b0095
b0094,b3388
b0094,b3462
b0094,b3928
b0094,b3933
b0094,b4520
b0095,b0102
b0095,b0946
b0095,b0958
b0095,b1175
b0095,b1176
b0095,b2004
b0095,b2412
b0095,b2910
b0095,b3388
b0095,b3463
b0095,b3781
b0095,b3928
b0095,b4520
b0098,b0383
b0098,b0424
b0098,b0736
b0098,b1094
b0098,b1614
b0098,b3175
b0098,b3300
b0098,b3609
b0098,b3981
b0098,b4036
b0098,b4354
b0114,b0424
b0114,b1256
b0114,b4154
b0115,b0116
b0115,b3705
b0118,b0424
b0118,b3781
b0123,b3838
b0123,b3839
b0143,b1084
b0143,b1413
b0143,b2576
b0143,b2779
b0143,b3164
b0143,b3780
b0143,b4172
b0143,b4179
b0145,b3181
b0145,b3781
b0149,b1105
b0149,b1782
b0149,b2817
b0149,b3396
b0149,b3933
b0150,b1252
b0158,b1711
b0161,b2215
b0166,b2937
b0166,b3781
b0167,b0450
b0167,b2553
b0169,b0424
b0169,b0436
b0169,b3705
b0170,b3339
b0170,b3340
b0170,b3781
b0171,b3781
b0176,b2572
b0177,b0241
b0177,b2477
b0177,b2512
b0177,b2595
b0177,b2617
b0177,b3388
b0178,b0957
b0180,b3781
b0184,b0215
b0184,b0470
b0184,b0640
b0184,b1099
b0184,b1842
b0184,b3701
b0184,b4059
b0184,b4259
b0184,b4372
b0185,b0881
b0185,b2316
b0189,b3783
b0194,b1888
b0194,b1922
b0194,b1939
b0194,b1941
b0194,b1946
b0194,b2592
b0194,b3386
b0197,b0199
b0197,b3517
b0198,b0199
b0199,b0817
b0199,b2719
b0199,b3705
b0199,b4280
b0215,b1842
b0215,b3701
b0231,b3169
b0231,b3701
b0231,b4143
b0237,b1852
b0237,b2029
b0237,b2557
b0254,b0817
b0325,b2243
b0342,b0436
b0344,b3781
b0345,b0424
b0345,b3705
b0351,b0352
b0383,b3860
b0399,b0400
b0407,b0462
b0408,b3705
b0413,b3781
b0416,b3321
b0420,b0881
b0424,b0605
b0424,b0642
b0424,b0683
b0424,b0724
b0424,b0726
b0424,b0911
b0424,b0932
b0424,b1086
b0424,b1089
b0424,b1237
b0424,b1241
b0424,b1276
b0424,b1324
b0424,b1415
b0424,b1714
b0424,b1719
b0424,b1732
b0424,b1779
b0424,b2183
b0424,b2283
b0424,b2416
b0424,b2480
b0424,b2592
b0424,b2697
b0424,b2925
b0424,b3185
b0424,b3231
b0424,b3295
b0424,b3296
b0424,b3297
b0424,b3305
b0424,b3306
b0424,b3308
b0424,b3310
b0424,b3314
b0424,b3316
b0424,b3317
b0424,b3321
b0424,b3339
b0424,b3342
b0424,b3418
b0424,b3637
b0424,b3708
b0424,b3894
b0424,b3980
b0424,b3983
b0424,b3984
b0424,b3985
b0424,b3986
b0424,b3987
b0424,b4143
b0426,b3781
b0431,b3705
b0432,b3705
b0434,b3472
b0436,b0459
b0436,b0674
b0436,b0723
b0436,b0727
b0436,b0911
b0436,b0954
b0436,b0957
b0436,b1000
b0436,b1048
b0436,b1079
b0436,b1189
b0436,b1238
b0436,b1274
b0436,b1521
b0436,b1638
b0436,b1905
b0436,b2022
b0436,b2091
b0436,b2094
b0436,b2095
b0436,b2285
b0436,b2388
b0436,b2567
b0436,b2581
b0436,b2687
b0436,b2747
b0436,b2942
b0436,b2997
b0436,b3065
b0436,b3222
b0436,b3230
b0436,b3231
b0436,b3251
b0436,b3294
b0436,b3297
b0436,b3301
b0436,b3303
b0436,b3305
b0436,b3307
b0436,b3308
b0436,b3310
b0436,b3313
b0436,b3314
b0436,b3315
b0436,b3316
b0436,b3317
b0436,b3319
b0436,b3320
b0436,b3321
b0436,b3341
b0436,b3359
b0436,b3572
b0436,b3635
b0436,b3637
b0436,b3728
b0436,b3783
b0436,b3888
b0436,b3945
b0436,b3965
b0436,b3984
b0436,b3985
b0436,b3986
b0436,b3996
b0436,b4058
b0436,b4143
b0436,b4146
b0437,b0438
b0437,b0779
b0437,b0882
b0437,b3781
b0437,b4058
b0440,b3702
b0440,b3781
b0450,b2553
b0450,b3869
b0460,b1237
b0462,b0463
b0462,b0762
b0462,b3035
b0462,b3514
b0463,b0762
b0463,b3035
b0465,b1084
b0470,b0640
b0470,b1099
b0470,b3701
b0470,b4052
b0470,b4059
b0470,b4170
b0470,b4259
b0470,b4372
b0473,b3781
b0476,b3418
b0476,b4119
b0489,b3705
b0492,b2319
b0496,b3600
b0532,b1084
b0572,b0573
b0573,b0574
b0574,b0575
b0577,b3705
b0584,b1252
b0595,b0597
b0603,b1876
b0605,b2926
b0605,b3612
b0607,b4143
b0619,b4125
b0628,b0881
b0631,b3781
b0635,b3705
b0640,b1099
b0640,b3701
b0640,b4170
b0640,b4259
b0640,b4372
b0642,b1274
b0642,b3236
b0650,b3067
b0683,b3781
b0688,b1852
b0694,b0695
b0694,b1608
b0695,b2610
b0695,b3204
b0710,b3011
b0720,b1676
b0721,b0723
b0722,b0723
b0723,b0724
b0723,b3705
b0723,b3781
b0726,b0881
b0727,b3705
b0728,b0729
b0728,b3781
b0729,b3781
b0733,b0734
b0733,b0978
b0733,b3233
b0736,b1090
b0736,b1094
b0736,b4041
b0739,b0742
b0739,b0929
b0741,b0891
b0741,b0957
b0741,b1209
b0741,b1677
b0750,b2574
b0755,b2925
b0755,b3612
b0776,b4143
b0782,b3472
b0784,b0785
b0784,b0826
b0812,b0881
b0812,b0882
b0812,b3702
b0817,b2719
b0817,b3520
b0817,b4280
b0827,b1224
b0827,b3856
b0827,b3857
b0839,b3705
b0865,b3517
b0865,b4154
b0878,b0879
b0878,b3035
b0879,b3035
b0881,b0882
b0881,b1014
b0881,b1224
b0881,b1333
b0881,b1493
b0881,b1661
b0881,b1681
b0881,b1682
b0881,b1784
b0881,b1870
b0881,b2316
b0881,b2592
b0881,b2916
b0881,b3073
b0881,b3250
b0881,b3517
b0881,b3588
b0881,b3732
b0881,b3734
b0881,b3802
b0881,b3833
b0881,b3942
b0881,b4055
b0881,b4161
b0888,b3781
b0890,b3030
b0890,b4409
b0891,b1116
b0891,b1209
b0891,b1677
b0894,b1591
b0894,b3838
b0894,b3839
b0903,b3708
b0911,b2592
b0911,b3705
b0911,b4143
b0922,b0923
b0922,b0924
b0923,b0924
b0924,b1094
b0924,b3019
b0929,b3781
b0945,b3734
b0954,b3781
b0957,b3234
b0957,b3705
b0957,b3781
b0958,b3931
b0960,b3705
b0973,b2990
b0973,b2997
b0993,b0995
b0993,b0996
b0996,b0997
b0997,b0998
b0997,b1591
b1000,b3359
b1014,b3781
b1015,b3705
b1034,b1035
b1041,b1042
b1049,b4041
b1063,b1084
b1066,b3296
b1070,b1082
b1070,b1083
b1070,b1922
b1071,b1076
b1071,b1888
b1071,b1922
b1071,b1926
b1071,b2231
b1071,b2235
b1071,b2960
b1071,b4146
b1072,b1274
b1074,b1075
b1074,b1884
b1074,b1922
b1074,b2960
b1074,b3386
b1075,b1949
b1076,b1882
b1077,b1079
b1077,b2239
b1077,b2942
b1078,b1880
b1078,b2239
b1079,b1080
b1079,b1082
b1079,b1083
b1079,b1378
b1079,b1887
b1079,b1925
b1079,b1926
b1079,b1939
b1079,b1941
b1079,b1945
b1079,b3385
b1080,b1924
b1081,b1378
b1081,b1535
b1081,b1886
b1081,b1925
b1081,b1926
b1081,b1941
b1081,b1945
b1081,b1950
b1081,b2573
b1082,b1921
b1082,b2239
b1083,b1924
b1083,b1941
b1084,b1163
b1084,b1168
b1084,b1250
b1084,b2465
b1084,b2779
b1084,b3162
b1084,b3164
b1084,b3301
b1084,b3317
b1084,b3521
b1084,b3540
b1084,b3636
b1084,b3637
b1084,b3705
b1084,b3780
b1084,b3984
b1084,b4203
b1093,b3781
b1094,b1095
b1094,b1131
b1094,b2323
b1094,b2530
b1094,b3650
b1094,b4041
b1099,b3701
b1099,b4170
b1099,b4259
b1099,b4372
b1101,b1594
b1101,b2388
b1101,b2417
b1109,b3705
b1114,b3987
b1117,b4143
b1127,b3359
b1129,b1130
b1136,b3781
b1136,b4016
b1160,b1235
b1174,b1175
b1175,b1176
b1176,b1575
b1183,b1184
b1184,b2699
b1185,b3860
b1189,b3734
b1194,b1939
b1194,b1945
b1199,b1200
b1200,b1201
b1201,b1300
b1207,b3752
b1221,b1222
b1224,b1225
b1224,b1226
b1224,b1227
b1224,b1466
b1224,b3856
b1224,b3857
b1225,b1468
b1226,b1468
b1235,b4326
b1237,b1823
b1237,b1939
b1238,b3781
b1241,b2726
b1241,b3702
b1241,b3705
b1252,b1677
b1252,b3005
b1252,b3006
b1252,b3966
b1252,b4291
b1256,b4153
b1256,b4154
b1269,b1676
b1274,b1378
b1274,b1940
b1274,b2573
b1288,b3781
b1303,b3202
b1304,b1306
b1304,b3210
b1305,b3210
b1306,b3210
b1322,b3705
b1324,b3781
b1378,b1878
b1378,b1884
b1378,b1892
b1378,b4146
b1415,b1779
b1415,b2957
b1452,b1887
b1466,b1468
b1474,b1475
b1474,b3891
b1530,b2231
b1535,b1921
b1587,b1591
b1588,b1591
b1591,b3838
b1591,b3839
b1594,b1976
b1608,b1609
b1609,b3705
b1610,b4052
b1614,b4154
b1622,b3418
b1623,b3781
b1656,b2414
b1679,b1680
b1704,b4143
b1709,b1711
b1713,b1714
b1713,b4081
b1713,b4143
b1714,b4143
b1718,b3341
b1739,b3472
b1765,b3781
b1779,b3705
b1779,b3781
b1812,b3360
b1817,b1818
b1817,b1819
b1817,b3705
b1823,b4000
b1830,b3781
b1846,b3781
b1854,b3781
b1860,b1884
b1878,b1892
b1878,b3552
b1880,b1937
b1880,b1939
b1881,b1882
b1881,b1884
b1881,b1886
b1881,b1888
b1881,b1937
b1882,b1886
b1882,b1888
b1882,b2231
b1883,b1886
b1883,b1888
b1884,b1886
b1884,b1892
b1884,b1941
b1884,b1946
b1884,b2573
b1884,b3386
b1884,b4146
b1886,b1887
b1886,b1888
b1887,b1888
b1888,b1926
b1888,b2239
b1888,b2942
b1888,b3316
b1892,b1922
b1892,b1926
b1892,b1939
b1892,b1941
b1892,b2573
b1922,b1941
b1922,b3987
b1922,b4146
b1924,b1925
b1924,b1926
b1925,b1926
b1925,b1941
b1925,b2231
b1925,b2239
b1925,b3386
b1925,b4146
b1926,b1941
b1926,b1942
b1926,b2239
b1926,b2942
b1926,b3386
b1926,b4146
b1938,b1939
b1939,b1941
b1939,b1945
b1939,b2231
b1939,b2669
b1939,b3316
b1941,b1946
b1941,b2573
b1941,b2942
b1941,b3386
b1941,b4146
b1944,b1945
b1944,b1947
b1945,b1946
b1945,b2239
b1945,b3386
b1945,b4146
b1946,b1950
b1946,b2573
b1946,b3386
b1946,b4146
b1950,b2942
b1950,b3386
b1951,b2217
b1960,b4170
b1968,b1969
b1983,b2016
b2000,b3781
b2004,b3251
b2009,b2231
b2014,b3705
b2029,b3403
b2036,b4143
b2075,b2076
b2095,b2096
b2095,b2721
b2095,b2726
b2096,b4143
b2103,b4143
b2146,b2147
b2149,b3781
b2151,b2837
b2156,b4133
b2193,b2469
b2194,b2196
b2195,b3860
b2195,b4136
b2196,b2197
b2197,b2198
b2197,b2199
b2198,b2199
b2199,b2201
b2202,b2204
b2206,b2207
b2207,b2997
b2210,b3781
b2212,b3733
b2213,b3067
b2215,b3705
b2215,b3781
b2217,b2513
b2217,b3781
b2217,b4366
b2231,b3185
b2231,b3299
b2231,b3316
b2231,b3699
b2231,b3740
b2234,b2675
b2234,b2676
b2234,b3781
b2239,b3385
b2243,b3526
b2283,b2286
b2286,b2287
b2286,b3705
b2297,b3730
b2319,b2926
b2400,b2414
b2412,b4114
b2414,b3607
b2415,b2416
b2415,b2417
b2415,b3723
b2416,b3723
b2417,b3781
b2477,b2512
b2477,b2595
b2487,b2728
b2496,b3701
b2496,b3702
b2508,b2954
b2512,b2595
b2512,b2994
b2512,b4175
b2513,b4409
b2516,b3250
b2516,b3251
b2518,b2580
b2518,b3781
b2525,b2528
b2525,b2529
b2525,b2530
b2529,b2530
b2530,b3807
b2553,b3053
b2553,b3869
b2553,b3959
b2571,b2572
b2572,b3235
b2573,b3316
b2573,b3386
b2573,b4146
b2581,b2830
b2592,b2614
b2592,b3168
b2595,b2617
b2610,b3464
b2610,b3781
b2614,b4143
b2675,b2676
b2685,b3035
b2690,b3781
b2699,b3781
b2699,b4170
b2712,b2730
b2721,b2726
b2721,b2727
b2721,b2728
b2721,b3349
b2721,b4143
b2726,b2727
b2726,b3349
b2726,b4079
b2727,b3349
b2728,b2729
b2728,b2730
b2729,b2730
b2729,b2990
b2729,b2994
b2730,b2990
b2733,b2831
b2733,b3813
b2733,b4170
b2748,b3933
b2748,b4520
b2751,b2752
b2756,b2758
b2756,b2759
b2757,b2758
b2757,b2759
b2758,b2759
b2759,b2760
b2779,b3164
b2779,b3780
b2779,b3781
b2779,b3926
b2797,b3781
b2810,b2811
b2817,b3933
b2819,b2822
b2831,b4170
b2866,b3705
b2890,b3236
b2891,b4200
b2910,b3928
b2924,b3554
b2925,b3781
b2935,b4006
b2954,b4177
b2960,b3385
b2976,b4258
b2990,b2994
b2992,b2997
b2996,b3705
b3005,b3006
b3017,b3838
b3017,b3839
b3035,b4401
b3066,b4052
b3067,b3905
b3067,b3906
b3067,b3988
b3067,b3995
b3092,b3236
b3096,b3404
b3147,b3396
b3149,b3702
b3150,b3472
b3164,b3780
b3175,b3300
b3175,b3705
b3175,b3981
b3176,b3781
b3178,b3705
b3178,b4174
b3178,b4175
b3183,b3781
b3193,b3705
b3199,b3200
b3199,b3201
b3201,b3781
b3201,b4261
b3201,b4262
b3208,b3933
b3236,b4143
b3251,b3705
b3251,b3781
b3295,b3317
b3295,b3705
b3295,b3987
b3295,b3988
b3296,b3705
b3297,b4203
b3300,b3981
b3303,b3705
b3314,b3705
b3316,b3385
b3317,b3702
b3317,b4052
b3319,b3705
b3339,b3340
b3339,b3705
b3340,b3781
b3349,b3705
b3349,b3781
b3357,b3705
b3385,b3701
b3388,b3933
b3396,b3933
b3404,b3405
b3405,b3781
b3405,b3912
b3425,b4142
b3425,b4143
b3426,b3517
b3461,b4143
b3462,b4520
b3472,b3506
b3506,b3517
b3506,b4154
b3552,b4146
b3556,b3781
b3559,b4143
b3605,b3705
b3616,b4143
b3633,b3705
b3649,b3781
b3701,b4259
b3701,b4372
b3702,b3961
b3702,b4000
b3702,b4052
b3702,b4361
b3705,b3732
b3705,b3734
b3705,b3751
b3705,b3772
b3705,b3783
b3705,b3802
b3705,b3816
b3705,b3831
b3705,b4174
b3705,b4175
b3705,b4240
b3708,b3781
b3722,b3723
b3730,b3781
b3732,b3734
b3732,b3781
b3733,b3734
b3734,b3736
b3734,b3737
b3734,b3781
b3734,b3984
b3734,b4203
b3746,b4131
b3751,b3781
b3751,b4088
b3778,b4052
b3781,b3831
b3781,b3833
b3781,b3846
b3781,b3894
b3781,b3908
b3781,b3919
b3781,b3931
b3781,b3942
b3781,b3962
b3781,b3982
b3781,b4034
b3781,b4036
b3781,b4142
b3781,b4147
b3781,b4207
b3781,b4238
b3781,b4352
b3783,b3982
b3783,b4172
b3813,b4170
b3829,b4143
b3836,b3838
b3836,b3839
b3838,b3839
b3850,b4154
b3856,b3857
b3868,b3869
b3869,b4139
b3891,b3894
b3893,b3894
b3911,b3912
b3912,b4401
b3931,b3932
b3933,b4409
b3933,b4520
b3935,b4201
b3935,b4362
b3984,b4203
b3987,b3988
b3988,b4143
b3990,b4143
b3991,b4143
b4003,b4004
b4006,b4129
b4032,b4034
b4033,b4034
b4034,b4035
b4034,b4142
b4034,b4143
b4052,b4361
b4059,b4259
b4112,b4113
b4124,b4125
b4142,b4143
b4143,b4377
b4151,b4154
b4152,b4154
b4153,b4154
b4200,b4203
b4201,b4362
b4244,b4245
b4259,b4372
b4291,b4292
b4292,b4293
b4316,b4317
b4316,b4318
b4316,b4319
b4316,b4320
b4317,b4320
b4398,b4399
